"iv","iv_se","ols","difference","studentized"
1092.07894129717,1321.7432310792,1122.92030569539,-30.8413643982203,-1.83653699544139
495.898076486799,1335.35545991919,539.341242992615,-43.4431665058162,-2.26427441824706
1355.16063992071,1070.24755445455,924.184408837251,430.976231083461,-2.02228786668959
1318.65194712342,651.937097320881,1057.96201519523,260.689931928189,-3.37587375464489
1698.3160423239,1341.65257769225,610.216371833492,1088.09967049041,-1.35742536600426
3766.59016603544,1627.59907547692,510.63745475882,3255.95271127662,0.151806968994922
-338.851765743915,800.003240471497,696.080062291396,-1034.93182803531,-4.82293177602415
4039.47707317745,1458.89632867922,458.231734641827,3581.24533853562,0.356411747228014
2883.32372339707,1089.6207011642,644.429830990458,2238.89389240661,-0.583859649116027
4606.34232593385,1369.67325528207,1187.00706879941,3419.33525713445,0.79349803910837
16981.5270122672,7520.80215322113,944.265589857692,16037.2614224095,1.78997099702365
5228.09145920204,2251.93761750641,1284.58330451104,3943.508154691,0.758716476989096
4570.48820655448,1675.54910436492,746.860951450083,3823.6272551044,0.627244477746582
2227.89974190313,897.030373178945,1267.19678719184,960.702954711295,-1.43987269591324
2802.86968472195,1689.59461459731,615.065642485932,2187.80404223601,-0.424148841819793
2199.70485227225,1342.03228647066,320.163550374664,1879.54130189759,-0.983437168152623
4934.74106442355,1085.3739824366,833.059915491919,4101.68114893163,1.3039116504323
1140.46615159777,1108.15231765918,816.758146939459,323.708004658313,-2.14685571120403
3644.60585550685,1913.45917497389,1177.8173148209,2466.78854068595,0.0653771836340337
2470.55863399469,921.648199800523,938.005891946191,1532.5527420485,-1.13812477459479
2163.99297258862,951.17724582554,651.292110543225,1512.70086204539,-1.42509329045531
3529.80544306118,1082.85439771527,1013.49235215606,2516.31309090512,0.00950835073907358
2631.98481493984,1345.20177728557,546.819528452884,2085.16528648695,-0.659770514501861
-124.141546792893,1851.94277412619,1289.41863949696,-1413.56018628985,-1.96747484930275
2003.19485362646,1129.33595170699,-22.1640654212059,2025.35891904767,-1.3426601957814
4499.81027459181,1388.58179965742,1174.58295179085,3325.22732280096,0.705972807064955
4422.39365071412,1850.43096773077,1088.04339175753,3334.35025895659,0.487931937376187
1199.87954889812,816.328133224747,345.384859021567,854.494689876557,-2.84154084655515
2214.18535263245,1909.11811903772,881.953094564632,1332.23225806782,-0.683731361616244
-16.2852337877635,1359.62054225087,836.470707306839,-852.755941094602,-2.6005745041058
1672.91718955423,1311.74375425489,321.104553379844,1351.81263617439,-1.40773843069909
7938.02400534377,3019.25245372435,894.221070650705,7043.80293469306,1.46344659461816
3341.32537909092,1428.22068634419,1075.39609124894,2265.92928784197,-0.124759364054258
3407.69438379019,974.22226136073,1047.56796257048,2360.12642121971,-0.114773501174148
3076.75526147578,1446.07611662394,989.853687963007,2086.90157351277,-0.306176152888993
2778.4245132417,1515.8983364674,702.212805268964,2076.21170797273,-0.48887498097904
3460.37188716823,1402.54770195718,799.692086366101,2660.67980080213,-0.0421642674952145
2661.19596906199,1778.98687700661,574.148467783056,2087.04750127893,-0.482473100661988
1467.14898472615,1907.08322547294,260.52858897146,1206.62039575469,-1.07617762639238
5044.61599085193,2363.90123523415,887.591523895192,4157.02446695674,0.645165155156117
3272.82014023381,1375.45005704285,613.916364198358,2658.90377603545,-0.179351581797825
4229.97046939377,2571.87147230338,651.262681198245,3578.70778819553,0.276242881262307
3313.73729705804,1053.0148702551,976.868199013093,2336.86909804495,-0.195412232441187
698.260257069101,1978.81079019347,732.974144225992,-34.7138871568908,-1.42572955461973
4856.97696192949,1726.47355215968,591.717306845621,4265.25965508387,0.774681822729385
2289.9833497556,1299.89375174064,556.417408197256,1733.56594155834,-0.945866485046448
1250.25136864087,1514.96029933982,508.341204671486,741.910163969379,-1.49789926244032
4418.67796536442,685.726630031809,960.716601662067,3457.96136370235,1.31126405529031
1400.00455754429,1195.9611339151,589.837560492677,810.166997051613,-1.77221873353497
549.62705270546,764.211098652298,77.0819297566588,472.545122948801,-3.88620662037013
1745.81653426728,1008.01486172055,1109.00213542601,636.814398841275,-1.75958987980953
1304.98587608814,1458.97373547054,1099.31330683952,205.672569248628,-1.5178637926926
1597.68105596215,995.558869625817,380.941455666921,1216.73960029522,-1.93040139194233
682.803287711149,1648.72862186203,937.79654261179,-254.99325490064,-1.72054148773951
1154.35704015489,701.860822952941,717.824638603564,436.532401551323,-3.36983083561005
1468.92561929529,962.230321683115,1382.77508288201,86.1505364132763,-2.131073629821
687.552340371718,1457.91262679046,1221.92468191159,-534.37234153987,-1.94247370606227
-8.67765744319542,1059.17962694412,520.598567199445,-529.276224642641,-3.33105627349617
133.840117099687,922.753534168848,557.463116317496,-423.622999217809,-3.66909368664542
576.961119922899,827.585809025562,979.938279092017,-402.977159169119,-3.55558074055202
2830.24200855146,1352.98268664901,270.102029688987,2560.13997886247,-0.509442790287313
13708.6873235487,6681.46866435737,1178.64034209502,12530.0469814537,1.52499076950777
10892.5209243755,6165.73088070376,640.290656857512,10252.230267518,1.19580497160551
3095.42636868133,1916.60424768346,1509.13862840701,1586.28774027432,-0.221267857190443
1653.10839578708,863.589737493897,368.308161758826,1284.80023402825,-2.16121244478599
2468.57338806129,1212.5681241679,504.388147243603,1964.18524081769,-0.866702558512532
-1912.06606016586,3438.69221516586,461.037041931218,-2373.10310209708,-1.5795468172054
1093.27530299981,851.145671821493,686.006067128018,407.269235871795,-2.85055080578191
1971.38322152821,1406.30168583384,400.020752625668,1571.36246890254,-1.10084918315533
2475.26308550389,1022.34062024528,467.091081054901,2008.17200444899,-1.02142688793283
4530.34121572686,2331.91207059083,527.180469204123,4003.16074652274,0.43347772192045
2628.22423247244,1710.68833331112,774.338298471586,1853.88593400086,-0.521009604040957
552.113057166679,1867.2758166638,351.817418335808,200.295638830871,-1.58915795941888
2788.6377647671,1083.72636107067,931.80375342036,1856.83401134674,-0.674405961814184
5219.83649440962,2393.42288199143,764.705802321653,4455.13069208797,0.710416543417734
4932.32938025687,1916.3783489322,601.838706280122,4330.49067397675,0.737234428366268
5539.29546631505,1889.02782082013,713.557134580474,4825.73833173457,1.06921992381764
1144.16626868438,1013.3090748162,457.188941408936,686.977327275446,-2.34414461885167
1777.35803597561,1621.72374394201,837.090535905357,940.26750007025,-1.07425895081119
2443.83237444744,1964.61902118813,484.265769442703,1959.56660500474,-0.547524429723977
-163.039232339539,878.297841039231,334.738538298221,-497.77777063776,-4.1928242834237
510.099654382881,1374.93914376606,393.852853895979,116.246800486901,-2.18875842098907
4633.46875292428,1397.09277991729,1481.27617895299,3152.19257397129,0.797341082345208
711.240009930462,1516.76933975658,691.896382847189,19.343627083273,-1.85148077569169
5894.30491410067,2872.62990768072,645.417451052274,5248.8874630484,0.826697384199295
-577.47557379646,2612.20735631183,1249.59681259229,-1827.07238638875,-1.5683995558566
3468.85394069031,1253.92657294494,1217.45102551617,2251.40291517414,-0.0403973757722293
6361.10514269571,2411.20340733077,624.244067223991,5736.86107547172,1.17849694903718
4417.55473165818,1847.22041751742,1090.95015740238,3326.6045742558,0.48616041675024
4957.8279436134,1873.28977542853,1484.50973929222,3473.31820432118,0.767803614171769
5917.89482856013,1528.04717857094,689.159215192136,5228.73561336799,1.56957558545724
4539.5159931944,2132.59107150706,1044.52142830686,3494.99456488754,0.47829456062818
3789.95950799062,1390.10237022627,898.943050711786,2891.01645727884,0.194554178264041
3809.72800290931,1212.67755179501,490.591610822405,3319.1363920869,0.239320599966061
4956.95434602679,2147.7665464644,717.092208848752,4239.86213717804,0.66927435141623
4260.22609892309,1582.47669577025,1303.14592218402,2957.08017673907,0.468074390766432
2149.48648354007,974.911676028015,806.679893358276,1342.8065901818,-1.40527889222748
3671.77581846563,1371.02460530701,1085.82151032162,2585.95430814401,0.111060395435559
3319.55183313837,1667.14019050532,870.41192459187,2449.1399085465,-0.119940393524658
13.1016753953044,1710.41202790609,978.021104101457,-964.919428706152,-2.0500368046088
3274.38646170229,2036.77666424978,291.906236828157,2982.48022487414,-0.120348404539655
1848.5107749207,1130.02584265427,539.677311580295,1308.83346334041,-1.47872592435826
6315.54489871393,2112.16997608252,1636.46773366137,4679.07716505256,1.32377396077347
1062.12622948797,1201.13788394707,730.053645199652,332.072584288322,-2.04587923418513
3530.03512163978,1325.96718222651,871.143746870514,2658.89137476927,0.00793823416787141
-424.116211045158,1910.9445873122,1194.40207691185,-1618.51828795701,-2.06370478813325
2249.9794602231,933.858299213393,804.965969665191,1445.01349055791,-1.35944588648471
4228.78221830644,2133.89940902655,1036.80565177657,3191.97656652987,0.332383490832703
2396.842445673,998.671078594606,690.801345292468,1706.04110038054,-1.12416075927145
7971.38912073466,3781.32123549559,1009.35702834232,6962.03209239234,1.17733447116212
5102.8097223555,2051.48836132536,999.879876971669,4102.92984538383,0.771781341076807
283.870933411576,1146.37155470454,324.834759964189,-40.9638265526128,-2.82250404500896
-277.127621500272,539.478995865645,328.812389951286,-605.940011451558,-7.0375991173791
1827.22768828475,2431.29847015269,1603.65078041606,223.576907868696,-0.696040250153787
-231.500928129429,1067.2767550969,579.469800890204,-810.970729019633,-3.5145618920907
2484.68583754443,2631.25263302008,496.194172061812,1988.49166548262,-0.393281676231972
356.220058525577,791.627760593503,1144.86190804866,-788.641849523083,-3.99593013609222
445.869801571941,1306.57975018792,980.173095158898,-534.303293586957,-2.35243159220426
7434.14650724044,2701.61122061371,730.903785380302,6703.24272186014,1.44900094940486
3655.25327234891,1559.92735354573,690.856319344073,2964.39695300484,0.0870194297138309
2286.73637585332,656.785617165839,1254.75615587212,1031.98021998119,-1.87697914749519
1560.44402352256,2321.40333802405,581.258392983757,979.185630538807,-0.843914208288045
6680.1713852915,4176.37455609639,454.682854802723,6225.48853048878,0.756795651153805
3142.04314118297,1581.71890344801,907.714581927983,2234.32855925499,-0.238642998855571
1386.39895849071,1032.61352956152,646.881983487889,739.516975002823,-2.06573927620668
3648.17003598898,1023.32116202428,610.185926413384,3037.98410957559,0.125728614940508
1381.43721952557,2321.98891732507,1062.57248275361,318.864736771961,-0.920793397492109
92.9486780574548,1046.93981638183,683.177073553119,-590.228395495664,-3.27292987808308
3237.70890974105,2511.33364156443,433.652653189957,2804.0562565511,-0.112211443849315
3504.96260372141,1136.99088787117,1076.33849590074,2428.62410782067,-0.0127940162776348
2531.36958100798,1286.15059892142,723.035591639236,1808.33398936875,-0.768292378411234
1119.68392800531,950.999536094189,1297.71766686052,-178.033738855214,-2.52347689411003
-546.103464587402,788.553474308543,281.524783375343,-827.628247962745,-5.155785727532
-351.814904570321,940.681887073878,846.80808572841,-1198.62299029873,-4.11544459547421
3277.01356353173,1329.62639783422,737.810496833635,2539.2030666981,-0.182378840034775
296.764521648117,1274.52635384549,463.697894388587,-166.93337274047,-2.52858228649145
3189.22355562543,1102.8481966148,658.235823560329,2530.9877320651,-0.299484307121085
7134.67837206542,2808.05937128406,905.005840392233,6229.67253167319,1.28742615821685
4689.36886226289,1707.81809011659,548.68707312137,4140.68178914152,0.685002451598734
2011.7066167116,1149.10718212298,585.6542231596,1426.052393552,-1.31215146018937
4892.14884840593,1825.76901992794,824.951813352191,4067.19703505374,0.751814468191468
3308.82438537724,1134.79874942586,1124.27610462095,2184.54828075629,-0.185658380728486
3733.13718086055,2122.72158340076,1777.24050056156,1955.89668029899,0.100638679553043
219.57178682365,693.974969301428,358.379275200861,-138.807488377211,-4.7551246699092
1908.81261735075,1352.57606844288,518.121688566305,1390.69092878444,-1.19083628926829
2956.98380508639,2323.89961613273,345.640354095778,2611.34345099062,-0.242061005844166
4396.26518256314,1487.64378519326,1356.19569874134,3040.0694838218,0.589358761580742
1586.89760002953,1104.61208646681,342.05811818781,1244.83948184172,-1.74958404610657
-573.356745034513,1321.46747796743,1331.32615568554,-1904.68290072005,-3.09721283113086
4540.03577270006,1658.61888424921,1057.13044613426,3482.9053265658,0.61528691053922
6919.02064667951,3065.46292322827,888.655910917871,6030.36473576164,1.10897161315234
2984.29420226206,1044.31002793243,515.520369692241,2468.77383256982,-0.51250592934163
639.252484196647,1404.2002950326,694.324609576336,-55.0721253796891,-2.05117233605541
1472.72807073806,2008.38604871862,476.423671154251,996.30439958381,-1.01911742227854
1209.1552365362,979.372016590892,1292.2196415992,-83.0644050630015,-2.35901578559933
1641.60918794598,1264.44791666516,498.595773939573,1143.01341400641,-1.48515416961982
1973.51617848115,1771.58092472888,662.253929567733,1311.26224891342,-0.872662989077844
2198.6563412918,1096.37299115528,928.710602692354,1269.94573859945,-1.20474779387326
1394.49305641667,1179.75003792416,618.719995029058,775.773061387615,-1.80124277085913
1991.25493403947,1429.57885503636,952.695401495097,1038.55953254438,-1.06902417045754
2730.06961218785,1175.15145863384,759.158936885447,1970.91067530241,-0.671776957481084
2611.90485746328,1704.75046457477,551.917262672058,2059.98759479122,-0.532397230589092
167.582842174154,849.502178857221,633.785171683252,-466.202329509098,-3.94575378957041
3663.06840534242,1756.51683634709,672.106959317056,2990.96144602536,0.0817294310668906
-4106.18564490468,3254.54008719707,554.275241191795,-4660.46088609648,-2.343094484702
2335.26602205807,1025.84862635458,738.345827421251,1596.92019463682,-1.15440351643163
336.019205640977,962.280099435298,1064.84111583344,-728.821910192463,-3.30827799501992
3287.49708212857,1454.42555044583,1522.23018977486,1765.26689235371,-0.159521538554289
2215.60348388502,1160.09360208957,529.24483226682,1686.3586516182,-1.1239660294779
1733.02043109845,933.432826764995,807.568835715992,925.451595382462,-1.91389117815938
4635.11500042249,1508.1566819296,1339.0822136442,3296.03278677828,0.739714732654158
3223.83879822238,1651.03595733959,935.64011973988,2288.1986784825,-0.179081796560266
4220.79835286645,1592.60575269782,563.505887672522,3657.29246519393,0.440340660599864
2043.84942139819,1705.08383154797,616.643841793272,1427.20557960491,-0.865447102920731
1114.18257285803,1139.09931177226,396.580772481033,717.601800376995,-2.11160404183548
3280.8401807555,1380.18912341426,1240.83182783054,2040.00835292496,-0.172924926623421
2053.07129106636,1184.60597159202,668.495352918125,1384.57593814823,-1.23791203805196
276.131891529426,661.151069337296,925.057658463303,-648.925766933878,-4.9056524938694
6992.46446979247,2594.82269321148,1365.65427405788,5626.81019573459,1.33841714704823
3086.25551544046,1369.69869546838,1296.104922212,1790.15059322847,-0.316313193289372
4083.04827409221,2638.41630560814,846.419430769458,3236.62884332276,0.213589867999988
1600.19219542352,1412.87827487198,901.526903507509,698.665291916011,-1.35844475943884
5142.42782782128,2116.04736776972,1192.50331668241,3949.92451113888,0.766957568574401
3881.2483411075,1780.66715560835,1338.00558428453,2543.24275682297,0.20314804837042
4172.9209715712,3004.10188447219,1001.43007457598,3171.49089699522,0.217506500462001
1038.53684845223,2599.93646935359,673.780622997512,364.756225454721,-0.954243484192886
1592.34554796568,1847.77480381309,1356.5137190377,235.83182892798,-1.0429646143598
2590.17455673544,1043.05598546205,963.844409782926,1626.33014695251,-0.890973006114573
4092.92456519081,2084.24356718586,349.298688611485,3743.62587657933,0.27511913222152
5687.54765302086,2110.92413290911,1401.65432690745,4285.89332611342,1.02705650836664
1113.56223959006,977.024078532339,1294.49232244385,-180.930082853787,-2.46252584447299
9197.64561367666,3965.18029586344,801.211602858822,8396.43401081783,1.43199953251857
906.087203190704,599.49482584129,646.268783911818,259.818419278886,-4.35937387247697
1744.7243678576,1270.6097702915,542.216806307686,1202.50756154991,-1.39679778739902
3181.27377226733,1364.30504095333,877.961041107033,2303.31273116029,-0.247917805203358
1385.98528421401,1405.82806399332,864.708991642692,521.276292571315,-1.51762797605134
4790.4413227579,1956.82068565214,668.318743184638,4122.12257957327,0.649488248171289
903.989145337191,1192.28625792372,589.74395501289,314.245190324301,-2.1937014881526
2815.05735331795,1507.01506648207,494.96808120214,2320.08927211581,-0.467448498690102
1820.73912320292,843.319745362255,970.595291263819,850.143831939099,-2.01438442510997
386.924603283124,996.99073670214,786.755235251073,-399.830631967949,-3.14203990573397
4525.03701402964,3515.42932637651,755.572832803579,3769.46418122606,0.286032696728319
2350.49311939931,819.270175503819,700.191362639494,1650.30175675982,-1.42689945173477
296.620531038892,889.321824141306,350.911627508689,-54.2910964697971,-3.6239847770759
2721.33099883451,1680.62882911267,720.127451412331,2001.20354742218,-0.474928354784477
2851.8930463358,3038.3743408977,778.531000548861,2073.36204578694,-0.219728105364168
1695.54425057988,1496.85898040578,610.731127200061,1084.81312337982,-1.21852830289599
3794.33904235005,1165.52444985564,1451.83008034224,2342.50896200781,0.235799222174825
1904.27844165168,1519.57239166746,906.449415420359,997.829026231322,-1.06295090043341
2289.92983002803,1286.53639460222,340.112675412071,1949.81715461596,-0.955728465031489
445.158975863817,736.452471926471,561.127958702177,-115.968982838361,-4.17454000764286
2429.16872534878,2039.72224251184,425.067464900398,2004.10126044838,-0.534553448295425
2364.19352589033,830.576748596692,822.464819285035,1541.72870660529,-1.39098013484004
2803.70509208933,1097.00847474811,810.811300676709,1992.89379141262,-0.652505616899071
1791.75502016117,928.971446375188,1092.12772816645,699.627291994721,-1.85985723267256
5070.53301241172,1257.70894458211,1264.58864460562,3805.9443678061,1.23321356299864
-140.52152266571,631.644964375508,153.793372280501,-294.314894946211,-5.79444310132773
6987.71173973501,2979.14649638032,1081.16453198069,5906.54720775432,1.16415975525223
3321.21917051125,1049.05261490065,958.591483937887,2362.62768657336,-0.189018272601973
1417.5218488131,916.589510184149,1388.37858840022,29.143260412884,-2.29327022781763
3291.82761510954,958.690307043883,1068.98695665311,2222.84065845643,-0.2374924069493
3309.59216996297,1327.42501290013,1047.51986809804,2262.07230186493,-0.158138585340319
3741.26980250617,925.764860038681,1289.83648857215,2451.43331393402,0.239543029153802
630.914792401771,1551.9688401463,604.755557442065,26.1592349597054,-1.8612451593901
3874.4700793148,1693.15063859775,851.160471151372,3023.30960816343,0.209645135863649
4454.24686385231,1936.81860706177,1097.58558696418,3356.66127688814,0.482614931927979
2800.04206610094,1321.98048905399,973.94633188521,1826.09573421573,-0.54423436919426
2849.75073180111,1440.32296801175,801.095129072663,2048.65560272844,-0.465005812392063
2310.08738482906,1269.58105551053,1014.91213415373,1295.17525067533,-0.95261495401958
5165.64904757114,1806.13332891654,786.159616383065,4379.48943118807,0.911416525883098
3537.14033047532,2136.21267022416,642.577697371774,2894.56263310355,0.00825341365713124
2704.97655650222,1017.65306456159,1054.6452329417,1650.33132356052,-0.800403158513597
941.445520776392,1035.83575874638,1002.61871652999,-61.1731957535962,-2.48887310667094
2394.16216348125,1229.19412954112,1122.86216952738,1271.29999395387,-0.915516185053061
332.196738519259,1032.85575532685,607.258023534871,-275.061285015612,-3.08592223908406
2462.46695320388,1183.22111483293,947.635103409467,1514.83184979441,-0.893359928413495
967.853258620232,940.275585657711,849.051302698426,118.801955921806,-2.71373208445402
2518.72787402891,1212.52701372277,555.548462100832,1963.17941192808,-0.825368340905483
6266.45244232954,1875.85093646364,1056.40998161245,5210.04246071709,1.46437177138378
1757.85167936486,782.963627750473,531.804371430359,1226.0473079345,-2.24998651513979
4743.03296544321,2184.93187688467,1118.22167977959,3624.81128566362,0.559982530686211
3877.97936779836,1818.58935714672,1297.30529164736,2580.674076151,0.197114363801416
1868.32100122785,1133.5010406848,498.874652801506,1369.44634842635,-1.45671527696432
5432.62738520976,1436.80314389548,1051.54543182659,4381.08195338317,1.33151024180984
913.442525385129,1161.22430726881,547.89837376621,365.544151618919,-2.2442406191037
5010.20805873876,3289.93043270742,576.535877437125,4433.67218130164,0.453109512672477
1208.04293795543,1480.27365234265,1009.53649916151,198.506438793924,-1.56151286083816
3353.5066352819,1302.65545085625,1218.28388477928,2135.22275050262,-0.127434041178994
879.749771306186,1359.99881525617,698.191629336369,181.558141969817,-1.94100133230259
2248.66269345009,1441.59352953218,398.125155425765,1850.53753802433,-0.881556807910111
2621.23924598791,1350.18955983896,710.318427742347,1910.92081824556,-0.66529179633679
2820.8729571005,1236.79446592954,1080.35802485018,1740.51493225033,-0.564876659617634
2909.31138064541,1483.23174672474,1856.06632524607,1053.24505539934,-0.411397547517694
-731.766696178306,1065.85967454494,432.533525855393,-1164.3002220337,-3.98858881835612
2695.21309238417,1831.0705521502,982.520225844042,1712.69286654013,-0.450171726204774
1914.32162557142,1411.79355901757,278.305419148323,1636.0162064231,-1.13698468719034
2632.1329884324,1352.57329529453,1304.64253070037,1327.49045773202,-0.656065219018483
-86.3701147324614,1306.30645260556,998.253250682233,-1084.62336541469,-2.76036254064926
4158.54236074695,2284.21573558771,524.766828577485,3633.77553216947,0.279760386526793
3017.45305756804,1888.15492103939,386.927692224128,2630.52536534392,-0.26589779285904
2121.18302876904,1311.18756841959,876.372136186026,1244.81089258302,-1.06645783452992
1940.53840541519,1172.03181854941,972.537376120437,968.00102929475,-1.34720820138434
3413.9698415257,886.00171723235,1069.15499668838,2344.81484483733,-0.119118778293487
5539.95378237884,2359.59592412455,903.546632302953,4636.40715007589,0.85626715916629
508.793566557242,1059.72676017564,-25.2209568991973,534.01452345644,-2.84103018837809
2082.43775952678,1382.63974269777,580.92471870909,1501.51304081769,-1.03936801448915
3835.41991546283,2135.16518869305,934.772348014682,2900.64756744815,0.147956061426726
5103.17471834951,1241.70890424097,1464.03091288347,3639.14380546604,1.27539186462484
7266.57264570177,3183.60863887283,1169.88733204018,6096.68531366158,1.17698617735253
-82528.6658516775,1734317.66143049,605.75034219281,-83134.4161938703,-0.0496150025159473
1011.98604775922,1054.52232868194,1110.5332900504,-98.5472422911806,-2.37787590427157
2812.5898206025,1214.89609337509,1162.28970036339,1650.30012023911,-0.581876480549024
1481.78360214149,1079.37281993434,848.282622713513,633.500979427974,-1.88787937205129
357.890886952453,833.663536081299,728.295010090916,-370.404123138463,-3.79243934736229
2379.16616158174,1095.79732004959,799.748757226408,1579.41740435533,-1.04065149750047
2722.1454357129,1680.72256982295,354.668909582685,2367.47652613021,-0.474417290665318
4566.01906398419,1969.66793904498,1299.29669626128,3266.72236772291,0.531312796228611
121.719732296393,1048.59313384879,465.754237984268,-344.034505687874,-3.24033168029681
3861.27188020063,3611.65091808724,893.714389258071,2967.55749094256,0.0946278043763078
3803.51046061227,1507.95631301522,380.617299533017,3422.89316107925,0.188335149044233
1080.67180915991,2132.70697549879,1435.43917326439,-354.76736410448,-1.14354081573633
9171.23970690854,4556.82238879853,637.992982163612,8533.24672474492,1.24027884807473
4756.8527352101,2297.12387501024,1258.54655597216,3498.30617923793,0.538648988425243
2051.98868966087,1156.45845204228,936.322156104055,1115.66653355682,-1.2689782251977
3763.69177539351,1232.99653885712,1201.9297885331,2561.76198686041,0.198039884176393
5646.01998777462,1994.16329950578,1515.82996035285,4130.19002742177,1.06636738558637
2558.15493503721,1584.34586027264,571.809702538092,1986.34523249911,-0.606783135372802
1611.55695964349,1112.05610361935,1261.69327051712,349.863689126363,-1.71569790210687
3060.02479731065,1093.38067447603,561.794682472846,2498.23011483781,-0.420242004513106
5784.71014093371,2419.81290428483,633.86838140623,5150.84175952748,0.936105784572972
2548.75298267672,1345.93956868159,726.573497725793,1822.17948495093,-0.721248058649865
2468.45943815564,2004.78566044974,976.201441261493,1492.25799689415,-0.524270432609203
4279.08746847006,5216.09294979075,1037.34527292652,3241.74219554354,0.145622056994245
3799.08306538141,1495.9197336478,644.490142398516,3154.5929229829,0.186890897582664
2777.04557314451,1039.55714930851,972.205219891635,1804.84035325287,-0.714211538055137
2758.93868236653,2144.16277374972,769.051872402365,1989.88680996417,-0.354716820286799
3575.1072841867,1483.36547270068,734.814581687876,2840.29270249882,0.0374809860156182
-2648.77863700776,4356.45706964932,570.371030816565,-3219.14966782432,-1.4158954907715
4735.21921008276,1666.0843377647,1067.11633723758,3668.10287284518,0.729680904428557
1275.33572214747,881.231364673145,824.428363647117,450.907358500357,-2.54663378025958
2950.00600272157,1107.58223365522,584.995770319039,2365.01023240254,-0.514186002286545
3858.562987535,1626.34932254354,674.453555072804,3184.1094324622,0.20847532518806
2163.32109796951,1340.09548755521,702.927256288877,1460.39384168063,-1.01200862048495
3718.51969733222,2898.02169523993,1427.96473004034,2290.55496729188,0.0686711262413064
576.213892048342,904.851750606277,577.102754188144,-0.888862139801631,-3.25279294605765
2532.0207884088,1116.02728465802,1351.6169362263,1180.4038521825,-0.884824689158156
5307.62138062984,1538.84127147038,1130.34592074835,4177.27545988149,1.16198605413859
1113.76758862531,1969.15097032149,451.710003235727,662.05758538958,-1.22171521192724
5008.3450449884,2175.7024750319,751.183627236771,4257.16141775163,0.684301175563176
1228.94330002035,856.037965566783,1226.29676845539,2.64653156495751,-2.67577616386607
2837.70959996097,1757.47952540694,637.120420200522,2200.58917976044,-0.38794175057574
3490.41037578709,1202.13957481996,833.595892604899,2656.81448318219,-0.0242059312169456
1326.25916518701,1047.18062020262,488.736966365614,837.522198821391,-2.09443344934799
-401.639043123577,919.840198549215,264.068792223482,-665.707835347059,-4.26285819314749
1131.30873670391,994.067662367444,1258.64531033848,-127.336573634571,-2.40245270755189
2258.36974017595,1540.57331267034,660.838250163971,1597.53149001198,-0.818617025947583
1130.10172765105,1104.49695623306,1007.2001554879,122.901572163157,-2.16334462717442
3507.18321650524,1600.22709314133,1286.23242144274,2220.9507950625,-0.00770269869566762
5049.99626213961,1575.43839835368,787.851540933366,4262.14472120624,0.971467357968807
1111.87420137721,947.756623446411,1488.96916085658,-377.09495947937,-2.54035162900371
2152.73588227351,1389.30773091916,1203.49192266451,949.243959608997,-0.983780174080364
3656.57999741863,1535.77800705555,676.16188137786,2980.41811604077,0.0892516451860612
4363.5300522301,1547.89774788046,732.330778354611,3631.19927387549,0.545269072028474
2834.50125411606,1704.00198080477,503.852834223345,2330.64841989272,-0.401999550029145
3035.34391171421,1449.68663386991,1599.03422478364,1436.30968693057,-0.333979330858338
3933.61687134789,1715.84853794446,750.760845872665,3182.85602547523,0.241342740074032
3700.27039811523,1035.78089101444,1353.72439679636,2346.54600131887,0.174516749666849
2395.06153358583,781.33797661047,895.602663175092,1499.45887041074,-1.43913105944306
400.549976828691,850.643059867728,186.533694881724,214.016281946967,-3.66658996466115
476.463383237398,1202.16745032341,472.470850420567,3.99253281683087,-2.5312995286907
3855.0759395793,1464.77232984192,492.300132847524,3362.77580673177,0.229091340063175
4256.92445717487,1362.85524421336,1577.55791175562,2679.36654541925,0.541081069803678
1886.08066336112,935.116505566495,805.013967834526,1081.06669552659,-1.74676482616217
8231.37339525341,2279.96830859905,1133.86421006097,7097.50918519244,2.06663579218797
2136.28108279822,1121.58722846086,1090.70170900975,1045.57937378847,-1.23327741770768
243.711081176757,2517.44178760894,617.578974822955,-373.867893646198,-1.30124089406768
3026.58696771818,1127.96768993305,1335.60100366341,1690.98596405477,-0.437000386030059
5221.1842189131,2001.15698900915,1532.18554024323,3688.99867866987,0.850345547406211
2820.10264849654,1507.22460339665,1218.13329589151,1601.96935260503,-0.464036105551652
3269.47059126212,1163.86287670685,624.601832821546,2644.86875844058,-0.21483518152389
2004.02766168108,954.488203855164,1326.59156711486,677.436094566219,-1.5877426413928
2568.76399838924,1169.18721983066,399.232860865622,2169.53113752361,-0.813167702429061
1102.9170601122,944.187031018579,393.047525441374,709.869534670827,-2.55944229707239
1272.55089249644,1231.06747751992,1015.59382627633,256.957066220105,-1.82521139757391
2821.04506084045,1160.26726216095,1499.37466367769,1321.67039716276,-0.601985633471244
76.7188434954672,768.937737847726,1280.00445996572,-1203.28561647026,-4.47733317106965
2525.03704840136,1701.07496336539,847.005679706183,1678.03136869517,-0.584613998009556
5086.05735308588,2953.66734641665,751.792333410927,4334.26501967495,0.530373899869949
2419.11876718901,2123.5469790179,599.13708352593,1819.98168366308,-0.518185153110319
4744.86855516197,1464.85235550556,860.180128181739,3884.68842698023,0.836507015132397
1952.50549724997,1126.36182876689,746.238684162576,1206.26681308739,-1.39120817696201
1834.88305899739,2127.24746406563,1120.52624976464,714.356809232754,-0.791927715561253
4039.82382502681,4136.00672990778,846.518529430779,3193.30529559603,0.125801183449733
-1465.89771867088,1402.33551330862,394.458897683677,-1860.35661635456,-3.5550743420573
2815.2941430045,557.284197081921,898.540584649037,1916.75355835546,-1.26365532044745
9718.13189661782,5373.74068285193,1539.49187631709,8178.64002030073,1.15350236991335
1616.00138917973,1230.10156081161,1156.82205675777,459.179332421957,-1.54743962215014
4236.1524715277,1696.42436868793,1082.42532878918,3153.72714273852,0.422443346786878
1679.62485185008,901.516928659386,890.512624499551,789.112227350525,-2.04087618691122
916.105142785481,934.057701471985,885.945701386962,30.1594413985188,-2.78719841050522
3714.58134571695,1633.53245546106,510.943007717725,3203.63833799922,0.119417316390898
5123.73796572174,1888.97496533992,487.893226386882,4635.84473933486,0.849258836940014
1128.76974439587,682.305618191112,461.666305931518,667.103438464348,-3.50391302007841
7326.88738828032,4860.86242537682,1438.31161266122,5888.57577561909,0.783272138037688
-133.157462191378,721.562089042269,666.855802135896,-800.013264327274,-5.06216554515486
2625.7638159144,1343.43124273845,993.988780535278,1631.77503537912,-0.665270718218627
4030.43240416684,1527.81776778661,530.724907970743,3499.70749619609,0.334413652787054
1892.75801976253,1092.00462549028,685.106358873861,1207.65166088866,-1.48969264956681
4554.62977315887,2368.72713504466,161.098769921149,4393.53100323772,0.436994398466669
1034.63938894323,831.797956979639,434.977210395884,599.662178547346,-2.98734791766981
2924.55511084563,995.998115919594,746.984410486786,2177.57070035885,-0.597344676955945
173.814561884888,921.487585662816,188.56690605515,-14.752344170262,-3.63075398281893
3112.20449853182,3846.30800093622,763.451314559216,2348.75318397261,-0.105894999832928
-11.0932648418195,952.676690449922,781.418671148779,-792.511935990599,-3.70598187599486
3227.23225936878,1185.74033868587,921.298481990186,2305.9337773786,-0.246493279130145
1248.63935296974,772.421809324422,1162.84466621779,85.7946867519536,-2.9399350241868
-962.125174638417,684.37965541414,663.837304088117,-1625.96247872653,-6.54846242554477
627.263939055843,764.406675138055,956.002645140054,-328.738706084211,-3.7836474204914
2312.85879118233,1567.14365292601,1248.44319591555,1064.41559526678,-0.769968018064642
4742.87305943949,1847.18880592324,1015.29199421373,3727.58106522575,0.662284099962202
1033.15103380554,1621.81042241626,706.554442969365,326.596590836176,-1.53307576241772
3396.89485976722,1438.83154414994,956.651827108545,2440.24303265868,-0.0852180537601227
3333.84244882498,1884.94454584323,700.68520784257,2633.15724098241,-0.0984998923351979
1288.61172820995,968.794668984548,858.012008142862,430.599720067091,-2.30275581282537
493.716760830185,528.98279223411,365.676228388569,128.040532441616,-5.72002070244859
373.367583042466,592.320058836697,818.778094976067,-445.4105119336,-5.31155690858222
-433.621621346299,896.767288157562,378.822519265565,-812.444140611864,-4.40820150020914
3929.59277195575,2175.58968164633,1007.49921263343,2922.09355932232,0.188493028702487
4253.4178052116,1416.51542729993,909.574441854637,3343.84336335696,0.518108385845235
4596.20902219055,1502.83739296521,1372.98262262085,3223.22639956971,0.716444602444842
5851.9839979142,1910.1667047542,702.037475451409,5149.94652246279,1.22108437366255
8674.01777824269,2877.05666869743,993.57838316393,7680.43939507876,1.79159088198565
4579.47752612069,1465.53546316744,1723.09286754545,2856.38465857524,0.72326345497054
3811.24515479474,1188.12281697517,935.160986722933,2876.08416807181,0.245543530498905
4733.12461401479,1538.7994459588,941.758837694861,3791.36577631993,0.788676739879029
3112.61428685707,1660.85281399456,878.745967687093,2233.86831916997,-0.244991605133663
-17.5951446786756,2073.7578615587,443.482387640908,-461.077532319584,-1.70564967776345
5257.43011236609,1603.13295020129,1230.52868215522,4026.90143021087,1.08407779186344
4551.09420467953,2040.52324375917,1102.46653663842,3448.6276680411,0.505549213509927
4327.25273008625,1348.43078716675,1118.32707347037,3208.92565661588,0.599024773184751
1978.53781420387,1408.00397717886,323.284638291927,1655.25317591194,-1.09443687263728
4208.70009250296,1908.20278925043,765.84244913957,3442.85764336339,0.361172728987224
1907.76464016889,1237.03926699437,508.807011428058,1398.95762874084,-1.30290499783043
1278.06499761902,1256.6773631768,677.444667785163,600.620329833857,-1.78362748602642
5181.42527829035,1786.04658806679,777.098021266661,4404.32725702369,0.930499800926722
4202.01144974519,1498.83554650972,872.272274011665,3329.73917573353,0.455354937161823
-288.366972228241,922.459252113779,89.8242531591961,-378.191225387437,-4.12796147596872
3510.66721211423,1169.78656568937,1174.8171548994,2335.85005721483,-0.00755870497530894
626.982314626401,952.618584370231,828.506931937047,-201.524617310646,-3.03639569548623
2324.23046624784,992.701255036592,1281.46752758169,1042.76293866615,-1.2040669953182
3755.89975394699,2193.0630202285,1023.18036621695,2732.71938773003,0.107790094547307
-413.782829964246,834.222726724642,485.287866623467,-899.070696587713,-4.71491843557852
2486.0722215006,952.920901392718,697.552186284013,1788.52003521659,-1.08449406518144
3592.40088793978,1589.48687402289,1147.84065398999,2444.56023394979,0.0458585757974443
868.582802681148,1421.86374077554,424.009511743954,444.573290937194,-1.86440261815896
3812.53855437686,1694.09461301196,893.34208795311,2919.19646642375,0.172971018547495
1100.9200719622,1379.40838810721,946.024476312394,154.89559564981,-1.75335254775772
1337.99745039588,1164.79847451317,845.375957782688,492.621492613187,-1.87286632064336
-44.9263998529473,2900.06540404114,1576.61411581745,-1621.5405156704,-1.22908803316449
3260.48486323388,1024.20095995887,1189.30749624252,2071.17736699136,-0.252903903180163
1031.12789217679,1432.27355258218,294.205510036104,736.922382140682,-1.73736461654646
3049.96901624852,1036.83876204611,921.844091140516,2128.124925108,-0.452857555665875
4891.87877621029,1403.14983889329,963.554407162294,3928.324369048,0.978063393175718
1918.07777061158,1398.3839320244,686.588054504966,1231.48971610661,-1.14520159761735
2026.26460975801,1166.12532894772,1143.61070756547,882.653902192546,-1.28051817143686
1754.11037022555,1396.21354031779,622.662913320076,1131.44745690548,-1.26441898924786
929.222690448633,1095.28964176841,803.070866578985,126.151823869647,-2.36493297701378
1513.84442466325,1197.04293277215,995.294078066794,518.550346596458,-1.67551622759287
519.528638742023,1501.73199367965,943.851268145186,-424.322629403163,-1.99768044999532
1087.59175694761,1205.42597676301,601.291743430954,486.300013516653,-2.01747562569648
2210.75439507319,1576.86610896246,674.792971743355,1535.96142332983,-0.829972108054432
4476.21808656367,1894.42759735245,808.84361169381,3667.37447486986,0.505012070269857
1611.58289298455,968.757688258044,354.834402682915,1256.74849030164,-1.96945677313231
1528.39581581185,1468.18320708839,564.073160528912,964.322655282939,-1.35617507285426
4363.94701065355,2045.43374502981,787.361015961483,3576.58599469207,0.412840420305517
3098.16231332412,1318.52767305,1269.74109121147,1828.42122211265,-0.319558685749522
5027.50611339742,1620.70233365466,698.037635001918,4329.4684783955,0.930458850113798
5521.24686517624,2266.4188542765,961.066013508907,4560.18085166733,0.883216082389541
7030.75621337593,3135.02749200552,1049.42399341673,5981.3322199592,1.12000514785961
4169.66482722098,1701.24476361495,1562.23682611264,2607.42800110834,0.382164611158669
2969.76982224766,1643.03930237304,405.919605142384,2563.85021710528,-0.334586921083812
1245.89289613634,891.893166985067,840.224346606656,405.66854952968,-2.54920260819768
4271.45773497481,1214.81136625186,1089.49194847114,3181.96578650367,0.618983714028373
1710.15488733832,1118.46029801107,856.919738668268,853.235148670056,-1.61771892978907
5427.0620309752,1583.7421655745,1235.34665371659,4191.7153772586,1.20445915300543
5884.9492221,1883.89656129505,1649.83162257379,4235.11759952621,1.25561030634589
2945.61112258594,2705.68388021055,1594.20166560045,1351.40945698549,-0.212108356508282
3663.76327642173,1450.87247335079,286.134159514441,3377.62911690729,0.0994256872488769
4646.46573818489,1289.34286061562,1698.61087219206,2947.85486599284,0.874054907318023
3554.81407257853,1079.22289893707,1108.55820941265,2446.25586316588,0.0327131577405823
1398.42456702429,649.341788950117,1039.469612741,358.954954283289,-3.26651503525366
9291.65392727085,5214.18099360547,834.670070123151,8456.98385714769,1.10700887650453
3265.4000680036,1258.01064392791,723.82385278456,2541.57621521904,-0.201992897970517
2244.30675826214,1188.49887845619,1111.58758242985,1132.7191758323,-1.07295223285582
223.176520633854,1037.54470075696,679.805526450307,-456.629005816453,-3.17705132184628
879.1379365053,778.059055586611,401.49792923251,477.64000727279,-3.3935359124538
4058.10695347435,2157.9814398988,1261.11471705411,2796.99223642024,0.249584013962257
3652.55812326903,1734.91252059847,321.039167127106,3331.51895614192,0.0766890768502717
4148.02642300965,1875.6624276308,1319.30516694649,2828.72125606316,0.335090755192658
9701.47942145115,4851.78006423412,779.093192277594,8922.38622917355,1.27416536940214
4205.64984913764,3109.16277763463,200.239764756248,4005.41008438139,0.220683384744264
6431.20019800196,2220.70583470638,1155.47932202323,5275.72087597873,1.31115561045868
7494.16850910319,3707.47500729167,908.184799043674,6585.98371005951,1.07206635719396
2180.79918616874,1278.82200714301,1033.28577815153,1147.5134080172,-1.04683066916435
585.667511966385,1912.80968244825,1632.36623831146,-1046.69872634507,-1.53378655419962
4027.70833263649,1566.30818782116,1075.72975630157,2951.97857633492,0.324456612651101
2011.71602054446,1353.39132073578,1407.36661505413,604.349405490326,-1.11408521689365
5144.17432413905,2142.67229324351,1199.35667051862,3944.81765362043,0.758242427278195
12582.383106623,8941.95919989341,1083.82112886808,11498.5619777549,1.01352216224411
4182.19036473022,1036.56806862105,1450.69322645559,2731.49713827463,0.639303004928017
3658.96900469436,1370.32355268739,662.417759570676,2996.55124512368,0.10177138149053
4160.6649606945,1259.99675053265,1052.036059376,3108.62890131849,0.508855024249155
360.586026910458,1605.07032948123,449.246102647451,-88.6600757369924,-1.96809024421932
2554.03416422571,1405.40781702589,720.259847581667,1833.77431664405,-0.686971502311528
1740.92803267157,1636.50267690478,739.330453629379,1001.59757904219,-1.08681841837297
1553.2376332402,1319.77007716878,1375.35467888894,177.882954351253,-1.48985924474533
1775.084582965,1294.40643198604,1488.48157236483,286.603010600171,-1.34766380757769
9605.05325559873,4623.38970103677,1078.74364937026,8526.30960622847,1.31625157416121
855.593197708116,910.363161284319,1338.40463114573,-482.811433437618,-2.92621252619894
3518.09666008827,1456.40822075039,579.610298273352,2938.48636181492,-0.000969936546606726
2069.09235422465,1196.19769246991,1605.16036819592,463.931986028737,-1.21252276154193
3941.55754885418,1565.49092494759,964.28102488272,2977.27652397146,0.269594833467309
2646.14328243602,1706.64999682551,1084.67192444517,1561.47135799085,-0.511742889776376
3237.0289865283,1204.08333735822,869.195909716487,2367.83307681181,-0.234601948516141
2244.92791219949,1307.08385491572,631.428493005774,1613.49941919372,-0.975133589673977
1185.9278299687,1977.59249970395,1183.74815019712,2.17967977157286,-1.18001127837459
6541.51955174957,2409.26381134363,1538.07717248916,5003.44237926041,1.25432933241788
-337.966833834248,1335.41592803276,636.049774739624,-974.016608573871,-2.88859525823176
3804.97801117963,1269.00543411714,1326.35022892931,2478.62778225032,0.224954692751084
2339.17253664383,876.329052060479,1348.85924049241,990.313296151417,-1.34691043761386
2708.57749550252,2002.2892487854,712.122306493803,1996.45518900872,-0.405002318540015
-1065.66355544517,587.589994794036,627.097539097437,-1692.76109454261,-7.80335417504979
1674.92940391476,744.916119595076,1158.36533372353,516.564070191227,-2.47622494830194
1689.70266967932,1150.94314607011,882.81639172796,806.886277951357,-1.58983232161979
2993.73145254773,1592.54782448921,768.128252153379,2225.60320039435,-0.330148848917151
1130.55899787943,1034.35130190168,764.112105339704,366.446892539727,-2.30961210313824
13783.8990560012,7217.61391736227,1372.68484300383,12411.2142129974,1.42213062237389
4878.25003712978,1454.97958681691,1434.99699101014,3443.25304611964,0.933855543948884
3272.06935840786,1386.45671155502,1165.55550200744,2106.51385640041,-0.178469275800883
1985.24987316836,1194.57795932478,793.836333024479,1191.41354014388,-1.28435268581987
4834.13200923679,1426.79633235785,1009.43613351033,3824.69587572646,0.921380785592544
1109.27211428156,994.75745471702,537.999738258329,571.272376023232,-2.42293953962118
4210.26912105772,1659.08064032721,1156.8986528045,3053.37046825322,0.416350972110151
-574.850407506136,1431.07049957759,572.833071979711,-1147.68347948585,-2.86104681241282
5466.80596090319,3031.92981243921,220.888086694773,5245.91787420841,0.642263112182079
2478.84589605235,869.907392902717,1341.95968846962,1136.88620758274,-1.19629215257443
161.147412293425,1298.85646474818,669.103348710313,-507.955936416887,-2.58562971544822
591.998364133786,668.111806046776,1060.99159466187,-468.993230528088,-4.38176798107592
3034.74470415232,1192.83203441617,609.052889788472,2425.69181436385,-0.406398022109878
4254.78779282667,2751.56840805199,193.896270341488,4060.89152248519,0.267221598789496
864.840557012201,857.427441157445,380.238373103157,484.602183909044,-3.09608556853814
478.388259580452,810.468944072751,644.068288401324,-165.680028820872,-3.75229803227959
4656.00120156124,1528.20824239849,550.007090065012,4105.99411149622,0.74367608182062
2382.20358745866,1548.90531808179,605.650531000956,1776.5530564577,-0.734264181879215
5159.76005658765,1795.53239424428,858.141442637968,4301.61861394968,0.913517783470378
996.43778075114,1302.84419024339,883.250296080301,113.187484670839,-1.93658729247268
2841.20788907814,1292.23175131598,523.078538344456,2318.12935073368,-0.524906924690133
1605.91264393264,875.394640881269,848.74488599101,757.167757941632,-2.18598167083737
3848.58311978563,2750.79339483784,821.836714591607,3026.74640519402,0.119628699398079
4405.63939104823,1280.82369696462,1310.66978557867,3094.96960546956,0.691843935664128
3264.64811159373,1537.09955997683,1046.61409339597,2218.03401819776,-0.165806548053701
1972.21131526105,1438.23981392791,842.312011892714,1129.89930336834,-1.07582751736065
4934.51984318805,2223.77295453793,1051.76038142238,3882.75946176567,0.636310715377737
392.429629240157,529.806449398033,746.36938044408,-353.939751203923,-5.90230575328252
2285.70235208526,1071.63460310041,1096.2577850749,1189.44456701036,-1.15133173937599
13863.2796982344,9520.15096710032,1391.70030276915,12471.5793954653,1.08651327592724
3333.41207523382,1239.6885538971,1306.74643196462,2026.6656432692,-0.150116097974381
3852.18324932358,936.061051537488,1051.59855398509,2800.58469533849,0.355397722326776
10981.0694609812,2914.36934257983,1643.71324945102,9337.35621153017,2.56026580719099
4067.3101173527,1613.97873141146,1160.40780726157,2906.90231009113,0.339410193606007
11528.9251510363,4832.99475584282,695.488994568958,10833.4361564674,1.65723661456596
6557.4728479978,3983.89398027236,667.793866856321,5889.67898114148,0.762561348116437
1535.96054777251,1462.07755981263,347.926947538202,1188.03360023431,-1.3566645097337
2495.41000084972,828.916273926823,889.543339059514,1605.86666179021,-1.23546770043152
-1243.50878864731,2393.81721793862,1362.49449116044,-2606.00327980775,-1.98971669039845
5553.49066285066,2387.50678848728,772.702881472472,4780.78778137818,0.851926951165249
2595.97661568368,1157.26260150472,1075.92684421547,1520.0497714682,-0.798032068749008
644.428422155454,869.154710667949,1138.80820638504,-494.379784229581,-3.30790459535494
1943.46616264934,1375.95732643762,523.771403151343,1419.694759498,-1.1454156976506
1914.40386344852,3825.280382014,181.371907391797,1733.03195605672,-0.419604645909576
3896.98943232511,1105.34873011552,880.433061568443,3016.55637075667,0.341503218298634
2376.37967072817,1054.1205060427,724.265506544942,1652.11416418322,-1.08443921389182
722.711776837511,909.361420553307,937.209906622241,-214.49812978473,-3.07556208521483
4407.03464969602,1455.95249331863,995.432325788556,3411.60232390747,0.609584014671171
3225.64345758455,1306.67246019914,677.364133042673,2548.27932454188,-0.224896318714038
1157.17843024575,1201.87886597619,463.869010596183,693.309419649566,-1.96553156917679
5544.43455738936,1724.65091168397,886.702766444504,4657.73179094486,1.17410732805275
2351.04123370334,1015.15966070523,372.918262957112,1978.12297074623,-1.15101899255264
1711.37290740197,1380.76649340893,1111.11986790285,600.253039499126,-1.30951640619721
333.705708640095,745.583379289941,1514.26412188569,-1180.55841324559,-4.27290047431351
2848.95819069466,1702.06906248256,656.265739289993,2192.69245140467,-0.393962329575312
2062.42853569994,1717.32673305604,571.584376343177,1490.84415935676,-0.848458665379009
-650.171086680615,1031.25604471893,258.885834998556,-909.056921679171,-4.04330271970955
1083.6866257743,876.06005312543,352.047236023944,731.63938975036,-2.78042886350544
4192.08540167449,2402.00048837876,885.359151906042,3306.72624976845,0.280006653320914
4922.25205162912,1841.38437779199,887.961432274206,4034.29061935491,0.761787047233886
267.48091530091,854.669198618112,439.62234199945,-172.14142669854,-3.80501411962142
11554.7112724934,8734.11266007988,759.643615559472,10795.0676569339,0.919979201272583
6636.37917147279,2214.46680821003,1341.76957848409,5294.6095929887,1.40750354725065
3490.28420622018,1117.16474443321,1437.04843737838,2053.2357688418,-0.0261600427097289
596.775146267512,756.136457590897,803.660545399237,-206.885399131725,-3.86535275219089
1682.51911196528,1748.58260958334,675.981970717171,1006.53714124811,-1.0505595569893
-1112.8587021574,3984.56982666269,502.259458524939,-1615.11816068234,-1.1625766863987
5203.86067610053,2602.32783088922,920.543152878924,4283.3175232216,0.647247964864068
319.271215556899,1110.79626168535,696.020269747122,-376.749054190223,-2.88103064304151
2608.42727318296,1692.74413051815,1030.9815316923,1577.44574149066,-0.538227836115146
4636.32814724012,1670.06130801692,1011.83261364445,3624.49553359567,0.668729260555058
2837.39817134176,1186.52682693676,767.922305670574,2069.47586567119,-0.574880480425031
3872.96001917698,1776.4981033868,632.40987874209,3240.55014043489,0.198959252956583
945.375507779294,932.439756530084,1147.46664404859,-202.091136269294,-2.76064352451923
3760.99245809923,1278.63164674221,810.553479721978,2950.43897837725,0.188860626957061
1640.77351507993,1324.36358451127,-39.6124980239284,1680.38601310385,-1.41859515811267
2007.30508246698,2140.24472009076,1106.19844964966,901.106632817318,-0.70655667876954
2478.44093627573,1630.16710730287,529.258213016018,1949.18272325972,-0.638626765752303
3120.85638706656,1848.89699332766,583.783722802186,2537.07266426437,-0.215616607101674
4151.74139124172,1667.81308497064,1413.57553922306,2738.16585201867,0.379078515027059
-351.701343780887,1303.42822373987,702.809603844992,-1054.51094762588,-2.97002209781967
1600.26974460834,1374.21988297151,645.040587936251,955.229156672091,-1.39660294747737
2555.67965267517,1217.0962388598,637.463865820657,1918.21578685452,-0.791909136023716
3456.99806801255,1608.83351286323,995.988131080372,2461.00993693218,-0.0388549934694923
7996.80536290092,6036.12430758383,649.968942359625,7346.83642054129,0.741750144811838
277.497429659864,1087.91093424723,431.596778325446,-154.099348665582,-2.98003425825642
3504.29779796176,1728.48940310484,1072.48878158865,2431.80901637311,-0.00880045064740883
3089.87717691151,1469.0849018137,1047.02190350367,2042.85527340784,-0.292448793263367
1930.56378794873,1504.23545001147,698.148150409216,1232.41563753951,-1.05631435270822
3568.03277467187,1645.19830332938,1128.64368042511,2439.38909424676,0.029494007455099
1121.89800380656,1038.0813431312,815.811516151426,306.086487655136,-2.30965645968533
3626.16493954955,1707.67562818766,1092.04953625196,2534.11540329759,0.0624566247481039
773.889270215151,604.904281733301,637.65524135266,136.234028862491,-4.53893301195665
3570.19061002704,1288.10086794802,1065.48788561625,2504.70272441078,0.039345774573864
1913.1737728734,936.899431166812,907.255445524483,1005.91832734892,-1.71452287976569
3104.99401169445,1288.08999607285,1106.76016624925,1998.23384544519,-0.321806141820593
897.943157615851,1320.38918019853,573.038555334417,324.904602281434,-1.98544956695141
3625.29702377023,1396.60215565749,1205.34950114736,2419.94752262287,0.0757465106962219
-1946.72827703313,963.584322527963,215.100377939895,-2161.82865497302,-5.67281703623074
1312.40476977721,2191.54236966393,122.511398906462,1189.89337087075,-1.0071010008397
-1180.55592365787,1046.88315907918,741.618788907138,-1922.17471256501,-4.48957953573378
4205.52872838157,1733.36038755871,896.162260789774,3309.36646759179,0.395774271557811
4983.08856761806,1862.73588827948,1520.31620932437,3462.77235829369,0.785714868746929
4888.70181698693,2502.28570623533,1130.11608460298,3758.58573238394,0.547176739221563
2645.15150949488,1121.15763556921,939.267574923377,1705.88393457151,-0.779870507423842
3027.92379227955,1239.5089027606,861.799977175896,2166.12381510365,-0.396596983106749
4790.95627344272,1451.80086308214,1151.84773835228,3639.10853509044,0.875772306055195
3201.9201944262,1523.28731175447,716.342607036083,2485.57758739012,-0.208489289427851
760.945981664553,571.197445747582,1004.10881293722,-243.162831272666,-4.82943914143979
4434.88091637067,1442.24092907672,1001.03303919701,3433.84787717366,0.634687044492847
2960.51957283548,1201.01712347092,1183.33384763065,1777.18572520484,-0.465430258976992
727.451159504148,892.723008039692,941.58681789658,-214.135658392433,-3.12757495774105
13466.7960594025,4516.53616548424,768.414322336153,12698.3817370663,2.20241495059248
-594.206029993551,1553.54592826214,771.956446302932,-1366.16247629648,-2.64795217109781
1739.42357229028,1042.40528095605,884.294099297958,855.129472992326,-1.70767142480844
1469.94026947348,860.356462572492,678.598280503571,791.341988969906,-2.38223236918173
2847.66992259253,3403.21391616483,882.631245275748,1965.03867731678,-0.197413203403017
2198.05182232989,1069.64279343811,1177.02174799461,1021.03007433528,-1.23541940302422
2730.36928117384,1270.26115977712,1407.90610134771,1322.46317982614,-0.621242329894566
9783.22972570254,8578.30723033064,303.763800078833,9479.46592562371,0.730181406875627
5369.4323466951,1501.02027065294,1312.32671126691,4057.10563542818,1.23244375789944
2441.15421738989,1319.40476207761,967.279830649623,1473.87438674027,-0.817304209634976
335.563747796582,632.387851266923,895.341823978579,-559.778076181997,-5.03479870695345
3534.55312499632,1784.30588663706,323.529789117992,3211.02333587832,0.0084312008723544
2761.23478970821,959.881587463729,627.631450521355,2133.60333918685,-0.789966704063693
3748.694094774,1883.44198494578,798.701625856379,2949.99246891762,0.121684030067026
5191.13054585885,2638.69543973554,1508.51580447982,3682.61474137903,0.633502918539939
2621.22969509939,1239.28587936199,1312.11241411313,1309.11728098626,-0.724836459051258
81.995995638822,1408.37271771103,567.330494141428,-485.334498502606,-2.4407695809362
1685.96903252451,1348.66706532156,1211.71386245891,474.255170065604,-1.35952029842642
3674.74578882459,1099.39830585583,817.583973931393,2857.1618148932,0.141201331991681
2746.37433817659,1034.11453551583,1148.34692550148,1598.02741267511,-0.747629898738556
4361.89649709517,1657.99257088375,1356.93593484485,3004.96056225032,0.508076591077726
1725.36747747019,1211.11082193863,1075.70387639796,649.663601072224,-1.48140184504856
2496.60232248219,2259.7818780445,1311.71395645765,1184.88836602454,-0.452657387469332
4414.81229821055,1541.71980826301,854.579246370584,3560.23305183996,0.580717073078857
81137.1368599501,714924.663068619,858.098319604228,80279.0385403458,0.108567561850712
628.760081631228,869.961601439196,518.161131258927,110.598950372301,-3.32284689029366
4546.70465781458,2084.67226119256,819.102599946553,3727.60205786803,0.492737104670165
3227.4570629948,2495.87533464009,931.136726911835,2296.32033608296,-0.117013945608654
2727.03665601685,838.512083763569,1060.1261763355,1666.91047968136,-0.945093866834422
1540.82719701736,1079.4758736712,646.176506300391,894.650690716968,-1.83300260329271
5416.80476111181,2135.18569214422,719.89253052575,4696.91223058606,0.888585702144778
864.423503433062,2017.63234579823,811.404711985493,53.0187914475687,-1.3159413238713
896.143944603342,1044.21888243419,159.106256058291,737.037688545051,-2.51227533151829
2295.32729388809,1141.60448332032,1066.94614044828,1228.3811534398,-1.07233460243584
5236.62066476413,1620.38294470677,1482.50142203187,3754.11924273226,1.0596948003711
2156.46976762558,1316.97294049337,1114.84508670908,1041.62468091649,-1.03497913595108
457.995515516699,2117.32104753923,1428.73475087541,-970.739235358706,-1.44593743669142
2299.48287620509,1788.28781382158,373.247277519978,1926.23559868511,-0.682231572576713
2193.9072357996,1177.88372442028,555.440598714733,1638.46663708487,-1.12540993679251
4385.31264109602,1414.68552179802,640.051124812838,3745.26151628318,0.612011181359413
7612.53408004297,2389.48040776474,1158.11668696835,6454.41739307461,1.71293507286945
1826.54218713447,1314.32313790084,947.719358982138,878.822828152329,-1.28809046093322
2642.35159380445,1061.7757004842,967.422401835594,1674.92919196885,-0.826123341722647
3442.48017059751,2434.72444506846,142.61326215402,3299.86690844349,-0.0316377129275819
1083.62116321849,492.118059151314,684.710832340726,398.910330877768,-4.94980437139554
4601.40256984482,1188.34908668082,1219.23285161978,3382.16971822504,0.910417063742025
3788.60233301683,1281.13066938523,853.140955646674,2935.46137737016,0.210043406031021
2073.38239369852,1039.01012273705,971.166065033779,1102.21632866474,-1.39183137709989
737.212286223668,1008.42348284124,1141.8001420021,-404.587855778429,-2.75905613541004
1836.14045669653,791.252919000941,673.19281513727,1162.94764155926,-2.12747250155778
15.9030033402541,915.569489966892,757.001782847296,-741.098779507042,-3.82669619149803
1858.66338283667,1311.8140444236,1196.81080886751,661.852573969164,-1.26606808935442
799.698041117925,1412.52928463723,149.35351301042,650.344528107504,-1.92549016300851
918.085961942607,1221.81081551637,876.526697885956,41.5592640566507,-2.12915394811456
2076.5756572318,1546.58614982093,868.260531975144,1208.31512525666,-0.932979793323263
2187.73751941744,917.383884855676,997.156367770598,1190.58115164684,-1.45170608097223
2211.17542708972,1098.17971597103,730.047527579543,1481.12789951018,-1.19136589169449
2760.10502712449,1618.68221784856,818.72107773931,1941.38394938518,-0.469149687412526
2834.75217777929,1665.03067734536,954.103874754664,1880.64830302462,-0.411257951691802
2642.99243573592,1265.27095837556,1336.69397668285,1306.29845905307,-0.692750309418126
3678.81994328007,1756.2502051101,678.774121735553,3000.04582154451,0.0907106852817276
1796.89804689351,1333.90441786738,998.874217237988,798.023829655524,-1.29140530137003
3271.05817411293,1236.59830975983,624.63534903327,2646.42282507966,-0.200914967758347
5164.1066408225,1696.72890699583,796.400921462014,4367.70571936049,0.969275262767823
1329.30109229123,1594.79566372909,1012.94600657669,316.355085714544,-1.37334722006692
3111.79819301514,1906.30636301099,724.189845011181,2387.60834800396,-0.213874904130957
2488.52627570134,1449.20504643642,637.788670068325,1850.73760563301,-0.711412791780015
179.207844825466,1134.27047481929,853.188871241065,-673.9810264156,-2.94488970045268
3425.50129239445,1415.51522868045,606.658245474498,2818.84304691995,-0.0664125608465121
2122.31865866951,1830.49373593749,1120.83448159388,1001.48417707563,-0.763286209369774
1588.56313948358,1171.87807026624,1056.41622207769,532.146917405897,-1.64773639268296
-802.527332156763,670.554771143189,893.236346209879,-1695.76367836664,-6.44546396774828
3900.74279500289,1468.41352052182,442.232674083348,3458.51012091954,0.259622719367948
1564.05567987809,1038.46871856754,694.476936286363,869.578743591726,-1.8830163767163
4798.4841527746,2178.25649575641,800.619055916565,3997.86509685803,0.58715531050539
2937.45086765165,1382.67479042062,1605.50313763669,1331.94773001497,-0.420965522789082
4026.86768664818,1453.91109227355,679.585198512549,3347.28248813563,0.348961092391452
1558.87072361136,1306.4871079807,882.097111339969,676.773612271389,-1.50069491544187
2248.76771587258,1399.51583551825,701.892910667731,1546.87480520485,-0.907986559012538
6049.91174379258,2627.64169558915,1422.72469075549,4627.18705303709,0.962993723380111
4341.66769500719,1054.58270611441,1165.72952221116,3175.93817279603,0.779605436910742
-206.458957898529,566.188372343518,816.52317069546,-1022.98212859399,-6.5807925834377
7073.93357033625,2869.51231620363,1308.50038433652,5765.43318599973,1.23868584449584
2707.90634760838,1143.25969996583,951.17741247437,1756.72893513401,-0.709902514769157
-591.127149887663,1075.52550346795,539.116582193425,-1130.24373208109,-3.82197950702386
6103.73688139811,2353.39816254079,662.703963593529,5441.03291780458,1.09808346028441
1952.15281061888,760.739442365325,681.454260410124,1270.69855020876,-2.06030657245295
1822.40259416704,881.534357345569,610.179938883871,1212.22265528317,-1.92517361954168
2420.24035650536,1335.61132328584,756.963414131954,1663.2769423734,-0.823045528274348
1851.40891495761,1150.86917402733,492.502176901532,1358.90673805607,-1.44942657804747
4543.37599446659,1870.07205709413,1183.66271581217,3359.71327865443,0.547501208273869
1317.46144528625,3326.23617846051,69.6633969770083,1247.79804830924,-0.662023897347326
5288.54580451429,2033.91199204218,1121.48974510332,4167.05605941098,0.869770436374542
3016.05127243664,1991.19764110545,1125.16138743041,1890.88988500623,-0.252841807773643
353.780308776992,1178.45572666742,666.279314012705,-312.499005235713,-2.68633679079637
2934.37374103338,1381.09229248208,722.549349351815,2211.82439168156,-0.423675916374407
14217.0571236024,11621.6607250421,1269.7830248164,12947.274098786,0.920483577437704
3521.96573706277,1968.24986100638,825.174597431127,2696.79113963164,0.00124803941972962
2732.35161959609,802.746572182734,807.822043811277,1924.52957578482,-0.980580536036315
1871.53652817569,1381.33007664419,932.906195126141,938.630333049546,-1.19303328244055
2220.19518160132,895.771606461919,668.574261062177,1551.62092053914,-1.45049708282116
1343.653316909,908.900675358737,956.818328538913,386.834988370092,-2.393942512894
1435.51890401844,2253.98636404102,858.188848624104,577.33005539434,-0.924579852334895
6549.7629540816,1565.40090697567,1249.39816565498,5300.36478842662,1.93576843920939
3303.00213461086,1207.45464679733,1362.82537720339,1940.17675740747,-0.17930872154226
3976.19451745437,1364.07590320202,1370.72059361691,2605.47392383746,0.334794590780466
994.266027871907,874.300575935944,828.899630941557,165.36639693035,-2.8883010320257
1206.92736108776,1120.39063203758,1216.67802956476,-9.7506684770035,-2.06408537918142
3629.7549177383,1142.84103414452,932.470315347014,2697.28460239128,0.096466289532969
444.632359274613,644.160266661088,875.331307528638,-430.698948254025,-4.77346567852116
884.213032312579,632.684891837403,253.811027440742,630.402004871836,-4.16525870197803
2058.17769331414,1248.26844876792,613.85422113121,1444.32347218293,-1.17068695581996
3553.41990305485,1285.91593150433,895.402681362705,2658.01722169215,0.0263707903259483
823.080222273085,1044.36152584416,1260.42692554271,-437.346703269629,-2.58189237601006
4014.86809201582,1956.26361453699,693.345429693745,3321.52266232207,0.25321679792358
2012.8407175916,843.161992649258,1041.30054534735,971.540172244248,-1.78692656831308
4356.07083798478,1832.16658119995,1060.90047380627,3295.17036417851,0.456596885305337
2871.47903868204,1382.40822042878,1196.88571415492,1674.59332452712,-0.468769091061478
4219.64097209483,1665.58382900121,1856.92303625581,2362.71793583902,0.420352116930864
2095.14038595187,947.301916707825,600.233406193902,1494.90697975797,-1.50360605481156
7747.11649904673,1759.3209808395,1718.13014646973,6028.986352577,2.40297663782823
2347.28782061835,1477.76626454018,748.389128849012,1598.89869176934,-0.793238749021482
4302.30642896761,1825.06820150587,1154.7244842988,3147.5819446688,0.428913913832571
2647.11357867004,1069.34553026201,999.147898517121,1647.96568015292,-0.815822089577126
1874.48483160066,1578.15429462332,470.774135975538,1403.71069562512,-1.04237238250544
3685.35536374974,1726.26625255311,1513.5108373552,2171.84452639454,0.0960721324744109
1118.96898704098,1115.75135244007,909.988568456078,208.980418584905,-2.1515011309263
4891.50676653175,1810.17588498931,788.107556329532,4103.39921020222,0.75793600735737
1882.06340822105,1078.35708682605,1181.13666279658,700.926745424464,-1.51846349917988
2224.01161858871,1083.46959029801,917.110075117212,1306.9015434715,-1.19569360936408
4326.29637359643,2806.89036387404,1006.06292096264,3320.23345263379,0.287430923676889
3634.78424568022,1191.87258068099,1138.05547593788,2496.72876974234,0.0967175215709742
4142.5873239772,2725.96140516832,637.746218002778,3504.84110597442,0.228571849604146
3612.72286732726,1165.69176253282,1425.02946442138,2187.69340290588,0.0799641780742903
4259.77388959361,1265.34693239871,1002.68606295731,3257.0878266363,0.585028964777226
3498.56490857494,1026.069665007,1300.96275022259,2197.60215835235,-0.0204122349463206
4413.0367848898,1870.11150025607,1588.65376894023,2824.38301594957,0.477793704342814
3203.59685137391,1403.64976352619,1316.91956622525,1886.67728514866,-0.225064998750701
1774.08620637002,1158.81454836567,726.861412054535,1047.22479431549,-1.50621432889324
2966.87180704719,2200.30186722604,1161.56033229766,1805.31147474954,-0.251164390137922
3126.93855068038,1665.50814434279,651.010209019658,2475.92834166072,-0.235706282374791
1400.51571290896,571.619964316604,1031.83687882892,368.678834080041,-3.70699713624023
2535.88476347894,1548.89783143791,1045.9315312248,1489.95323225415,-0.635048032352314
3873.3366650601,1909.20761054453,919.976926729446,2953.35973833065,0.18532682326299
3227.57391953014,1777.70964730002,562.656493171889,2664.91742635825,-0.164219935781756
168.285834045225,997.504757518719,520.734150289541,-352.448316244316,-3.35960648241845
1916.57354801372,734.090252327687,1067.12266912075,849.45087889297,-2.18356766154022
5095.92018248307,2655.89242107341,1031.88495285565,4064.03522962742,0.593552241170067
571.980243032683,618.035810171168,294.972476044094,277.00776698859,-4.76918811516656
4583.03966064067,2229.46021139211,1148.21035261188,3434.82930802879,0.477034921528484
3944.06873095257,1383.01782649702,768.224789810229,3175.84394114234,0.306980459087471
2232.62399569427,1510.82600530461,743.167345859389,1489.45664983488,-0.851775971181159
4202.65435733307,1457.07333075933,463.097414385219,3739.55694294785,0.46884742124043
4937.15039336839,1973.32751847214,950.246154200917,3986.90423916747,0.718401327934479
3846.70085240367,1283.6028888925,1133.59592453242,2713.10492787124,0.254900928929518
3734.9825405957,1487.56400204321,694.516011044899,3040.46652955081,0.144849738667642
-632.880182851942,587.321552970139,935.774761942361,-1568.6549447943,-7.07004441689783
3089.03965491113,1568.70841530392,723.765515857228,2365.27413905391,-0.274410224703116
1375.19359428135,1144.49010803716,726.875348447951,648.318245833402,-1.87359914629981
1675.94790958753,605.778641099205,1600.82499103375,75.1229185537852,-3.04329213508687
3191.72967381845,2401.65384005141,589.058979124012,2602.67069469444,-0.136480788514836
8882.85585939875,3504.62560102332,1111.80472011818,7771.05113928057,1.53036220878611
581.88857129767,1160.92460837318,544.662790224426,37.2257810732443,-2.53041471527355
2594.43515896829,1620.28287104336,630.670712040219,1963.76444692807,-0.570933718557655
2230.86162086114,1524.53254724909,659.285669297185,1571.57595156395,-0.845273959622897
4246.12876591284,2146.16525854057,1103.45914895943,3142.66961695341,0.338566417181966
-295.239232033976,1116.33783670592,687.940705465629,-983.179937499606,-3.41719897888515
1578.06005104498,1862.10185340148,1084.05171356631,494.008337478678,-1.04261172881438
802.132447752554,1424.9493405244,904.894155241944,-102.76170748939,-1.90699890769154
5688.10312703763,5182.37111482446,619.965635853091,5068.13749118454,0.418455914356633
6703.03812727114,1986.8797513555,661.72512951067,6041.31299776047,1.60227554860877
-536.106066736298,701.363757332598,800.393497828937,-1336.49956456523,-5.78247066231198
496.138702108302,844.883528501779,468.101732519896,28.0369695884052,-3.57844659003041
2867.67733503671,1791.08463462876,927.416246495904,1940.26108854081,-0.363931405590307
-54.8373345416854,748.897551506975,678.114439420156,-732.951773961841,-4.77281119560016
3107.89402014305,1220.12420778888,757.962148093254,2349.9318720498,-0.337355214229568
6093.75552786962,2312.43741581792,1242.30236671448,4851.45316115514,1.11321769255785
679.33949401853,1720.20713530577,382.903858092139,296.435635926392,-1.65106267224323
1335.81872327933,1048.53949699367,754.130261714435,581.688461564892,-2.08260210190461
4756.25506687398,2210.22280869928,495.770829983349,4260.48423689063,0.559557062915956
2077.06925936792,1244.92127387162,836.829774307532,1240.23948506039,-1.15865963137937
2618.34707624991,1792.35322529707,536.104344715518,2082.24273153439,-0.502781591641393
5575.59531880742,2681.5754608679,1035.69525991477,4539.90005889265,0.766745543865325
3973.13060184787,1345.44945728177,1206.67855081151,2766.45205103637,0.337152254768438
8382.42774756911,2347.02583799289,1442.10546536844,6940.32228220067,2.07194926668527
3463.76989209265,1968.11624914286,679.545600193032,2784.22429189962,-0.0283211886391272
5112.78159096228,2213.85649763867,999.719668952001,4113.06192201027,0.719681835301126
1998.10089903825,1211.16982200431,721.402417846076,1276.69848119217,-1.2561478638003
2158.99389001978,1128.54705527843,525.557903442564,1633.43598657721,-1.20554600471925
456.435863534921,1387.08770881515,-125.833472320495,582.269335855415,-2.20827666530901
798.699680337659,1227.16503673225,1158.38447849777,-359.68479816011,-2.21715052325462
2735.75573704023,1148.23887968438,1057.23646280351,1678.51927423672,-0.682570117137611
2877.09472628094,1357.76652504474,1026.73455810853,1850.36016817242,-0.473140665584049
3622.20917550339,1651.40166467913,1157.08040258123,2465.12877292215,0.0621895290840649
2991.51820984687,1760.24621279278,865.779290048035,2125.73891979884,-0.299952966786266
863.209722227792,815.700611348641,841.481630386752,21.7280918410401,-3.25646385998015
1577.09000957801,1171.80628202593,398.578498369922,1178.51151120809,-1.65762831610025
3463.0361772763,1181.15381217925,716.34372295983,2746.69245431647,-0.0478118139989445
2509.03045670138,1274.06784609745,759.066309197055,1749.96414750432,-0.793112258536413
3135.96248993776,1453.67074999447,1256.16576158121,1879.79672835655,-0.26384708759673
3205.48618944435,1240.13056681682,1346.89830756245,1858.5878818819,-0.253217768037155
4599.1346691723,2245.14342561007,1346.1399462954,3252.9947228769,0.480871454896289
2557.35370455209,1338.41529492942,978.31682178094,1579.03688277115,-0.718876706461279
1960.62645752431,1660.93869759099,256.749219639638,1703.87723788467,-0.938555305132599
3713.80602258004,1350.82076869091,1427.35004497457,2286.45597760547,0.14383606133031
1662.03702811253,1434.93510584047,580.201478246968,1081.83554986556,-1.29446429178263
3788.08157268118,1686.09703929394,882.383420950485,2905.6981517307,0.159286377221379
1686.09267713684,1258.34293714996,1149.49929324035,536.593383896491,-1.45700869960302
2359.84800732086,1276.67389537898,1550.76308662026,809.084920700595,-0.908345725971985
3909.46021111093,2996.35167481367,833.119758838154,3076.34045227278,0.130141909155849
281.773060190389,729.671370508365,879.255587035308,-597.482526844918,-4.43725265142611
2540.51363487769,1087.40132219261,1088.01446860375,1452.49916627394,-0.900307576228295
7837.96969386106,5267.26141391718,693.272446349356,7144.6972475117,0.819868252371612
2057.48491921606,1376.25750054747,998.217625194834,1059.26729402122,-1.06231890750874
2560.47874242058,1806.91540463439,430.914324406144,2129.56441801444,-0.53075563956566
2844.94375453844,1168.81504241302,1473.3802425764,1371.56351196204,-0.577136248791999
5975.42746209314,2138.09276737029,735.107138172687,5240.32032392045,1.14864902773391
1429.26996646476,1090.9299723337,806.615271829715,622.654694635041,-1.91601603236932
8406.30698161344,2996.30402408048,820.674022851002,7585.63295876243,1.63094187328496
3220.08332567446,1197.66790963247,237.400660254921,2982.68266541954,-0.250007498377222
7826.22847812812,5993.45357430772,555.186920512271,7271.04155761585,0.718570543858299
3108.33408356087,1390.22891845797,976.017862401582,2132.31622115928,-0.295760787758292
2462.04913274892,1128.53311677909,1076.39282935565,1385.65630339327,-0.93702181635351
3218.37966283099,1261.79113034067,943.707287436646,2274.67237539434,-0.238652510369181
2647.659795538,1076.24886422851,588.876204630526,2058.78359090747,-0.810081680072505
5750.4461648293,1658.8427090253,1425.21378559689,4325.23237923241,1.34487547797211
5108.87654610469,1955.70554256875,550.215319444081,4558.66122666061,0.812682291818203
1223.82664133121,1195.99315899516,277.62612657254,946.200514758675,-1.91947807146816
54.8786285660647,589.085565792979,818.735348063365,-763.856719497301,-5.8813708165103
2257.49632646266,1332.4994205225,930.509626285414,1326.98670017724,-0.947102068300214
4953.58267885665,1189.79532575776,751.834826638531,4201.74785221812,1.2053110011127
2025.88455924449,863.20834728679,416.99705067474,1608.88750856975,-1.73031774900994
4097.53218892564,1277.72714261756,1786.41589844809,2311.11629047756,0.452383678797921
6664.60095810645,3581.42090226362,744.206177172412,5920.39478093404,0.878168682287594
21454.6010376655,26651.0883652801,1371.45264034862,20083.1483973169,0.672959074248623
3416.0044229353,1434.80708317634,1194.26866731886,2221.73575561643,-0.0721385208692463
1354.88606055176,1332.88687660145,647.13464300968,707.751417542082,-1.62401120537392
3242.22935202684,1175.13180825329,1245.6753584177,1996.55399360914,-0.235956451586195
1815.98738328422,1405.08688835629,970.670318114283,845.31706516994,-1.21239612616196
3157.1842943044,1008.85298097483,1151.56885176254,2005.61544254186,-0.359145481231419
1093.39378649335,1057.17955527332,763.51193337641,329.881853116943,-2.29489445293686
828.770496668135,2586.0414180783,177.140975396468,651.629521271667,-1.04048557311186
4883.69498137354,1749.41986653963,993.910196161345,3889.78478521219,0.779793189626662
2446.84204161913,772.338558864715,500.913854924053,1945.92818669508,-1.38885625962528
493.814712311308,1417.91240943848,855.147933773238,-361.333221461931,-2.13390795594721
3910.50698251844,1772.2816559978,1367.88037247516,2542.62661004328,0.220618262084282
7073.20152935612,2029.92514899147,1212.14217577564,5861.05935358048,1.75065186392383
3583.38423282904,889.489417865127,834.628363875005,2748.75586895403,0.0718108028018916
1309.36342989543,729.135539741652,304.256566305672,1005.10686358976,-3.0311865672273
3388.8100452278,1409.6675676511,788.907872882327,2599.90217234547,-0.0927163548483552
15948.6540112348,12414.948879733,974.622586573318,14974.0314246615,1.00114344795062
3200.55682961944,1672.71340287198,1200.59757948881,1999.95925013063,-0.19067967858767
3627.40851012195,1131.943029034,1108.3124928938,2519.09601722816,0.0953221352188373
3806.76260940111,1879.38852640751,985.50350644489,2821.25910295622,0.152844035023373
6220.08923169858,1340.76562762713,1435.73421680074,4784.35501489784,2.01420732483252
8285.03028209495,2286.1018801198,931.671947203816,7353.35833489114,2.08456195232947
4913.56066968555,1359.63807896701,636.922538534854,4276.63813115069,1.02531063788411
8205.58391138571,8146.07660010531,1026.22168719222,7179.36222419349,0.575255409171671
3822.84038839339,2287.15687629727,931.428161869421,2891.41222652397,0.132623655110227
1631.96585189036,1023.62222648761,781.527278153898,850.438573736467,-1.84398441428414
-1697.77447580619,976.287556182354,422.118880039882,-2119.89335584607,-5.34400313351944
1870.87777626211,1406.50874267201,693.214764292963,1177.66301196915,-1.1721445145476
2444.71145342681,1849.41580431068,678.752763071326,1765.95869035549,-0.58115531819095
149.01325398446,828.706329837876,531.507000041848,-382.493746057388,-4.0671778509563
1540.78775113758,1578.10909112967,339.563866862264,1201.22388427532,-1.25385598729067
2735.87409019304,1609.42198523949,450.294974225193,2285.57911596784,-0.486904740113083
1276.03132547275,1278.65141925494,1000.39034573196,275.640979740795,-1.75456572791579
2774.54172071983,2290.70380098341,525.252537522711,2249.28918319712,-0.325213396253458
4366.75716250314,1331.63292559524,1034.70834311683,3332.04881938631,0.636247319039567
2578.50479900646,1163.44580585487,1184.08947446408,1394.41532454238,-0.808808179896673
1175.91976676893,1031.93793462364,828.410290624612,347.509476144319,-2.27105665781553
2188.93454204237,884.474791635317,1195.37865650721,993.55588553516,-1.50436705962628
1999.98491348218,1042.63801275893,892.194949964942,1107.78996351724,-1.45738439570734
2133.45260556445,1010.23261597235,614.248852252591,1519.20375331186,-1.37201735141943
2034.8565134101,1310.82352194039,897.161182606417,1137.69533080368,-1.13261071791002
4806.79489781571,2024.57082130133,1263.22493089441,3543.5699669213,0.635831357749159
2636.73362152476,1202.14464952703,408.22715008143,2228.50647144333,-0.734333977588233
1463.62085060484,904.357912853021,1290.28519569447,173.335654910368,-2.27331281545125
528.457043867015,1241.56562425326,1146.66028213079,-618.203238263775,-2.40909717646243
5391.71172566312,2407.8919102505,1336.06743045951,4055.64429520362,0.777527609958205
307.735302914283,1105.19559245413,852.664500341127,-544.929197426844,-2.90606839428502
4977.36258217839,1740.90776157115,1424.0393995649,3553.32318261348,0.837409844858374
4116.1547425561,1610.39506773529,1378.99934882413,2737.15539373198,0.370496327802851
4014.55206499453,1915.46121030511,1327.80635481332,2686.74571018121,0.258445735514173
1224.94533165372,893.588801505607,715.222251815996,509.723079837724,-2.56780741670948
1736.96240727744,1431.60394374624,442.146011017453,1294.81639625999,-1.24513967997763
2609.24723357865,1317.83723645693,685.11002789838,1924.13720568027,-0.690724184207291
4895.34148426253,2747.69431983691,583.559828811496,4311.78165545104,0.500722438693923
2804.39871588441,1227.48801364012,1143.63676021844,1660.76195566597,-0.582580489436543
4932.89363938755,1386.66455089346,1271.35514435379,3661.53849503375,1.01926911943376
4630.92549750972,2608.47217252099,811.31999378774,3819.60550372198,0.426079383008032
4612.92639693074,1498.80777230723,1489.18337581824,3123.7430211125,0.729524581794236
233.535509399631,1218.44083536042,394.186868680763,-160.651359281133,-2.69686773365301
7623.73588357342,3612.72234170686,1115.71243693093,6508.02344664249,1.13604816859133
5070.21143634356,1431.20154610537,1225.77922413991,3844.43221220365,1.08349670031801
5774.14204745178,4021.67155435226,1055.82550055578,4718.316546896,0.560620809862869
1723.87424985407,1701.65775529885,433.720539626117,1290.15371022795,-1.0552268975373
7521.33051779892,3615.61624560858,791.476095271815,6729.85442252711,1.10681581293675
5913.08610991587,1370.86623391916,1340.06727646781,4573.01883344807,1.74603237503672
5961.4931466209,2558.42726642823,813.111772811835,5148.38137380907,0.954486334247739
1425.03136537387,1073.5055747989,976.880724967402,448.150640406467,-1.95106384861284
2218.8446099925,1402.18050122893,1035.67658733841,1183.16802265408,-0.927601455387449
4143.15022461031,1294.84469389636,649.694152592942,3493.45607201737,0.481633777318375
5559.03047154506,1728.27031882282,1154.17205083946,4404.8584207056,1.18009385782074
970.933322489319,1135.94746245535,1111.36961492926,-140.436292439943,-2.24356851473597
5156.00308727621,1675.43622885901,1291.11250145663,3864.89058581958,0.976756844241292
1687.50781103481,658.413499731887,1134.29145854024,553.216352494578,-2.78244822343338
1384.58154157262,1177.82851396105,492.55975927845,892.021782294168,-1.8125964151572
2301.76590747904,963.405264189415,1035.454411324,1266.31149615504,-1.26399908889214
2914.88585863604,1751.20912487524,977.516003904084,1937.36985473196,-0.345260549653306
3750.84846027783,1390.1272323058,1124.6858196542,2626.16264062363,0.166415829611336
4858.78442463962,1226.87570261706,968.806165882032,3889.97825875758,1.09161436495518
1441.02523857237,958.170645266615,754.040345238628,686.98489333374,-2.16922116675536
3467.08380536422,1237.2845621736,1777.94668982191,1689.13711554231,-0.0423713993424705
2147.05181674046,1448.5263011753,556.586229238319,1590.46558750214,-0.947485362049907
11715.7697210129,12123.8769104719,737.342181882655,10978.4275391303,0.676042861362701
-118.641055085558,606.880868246922,856.014664474489,-974.655719560047,-5.99483445448417
316.230735230155,1428.25258091194,46.3639318410927,269.866803389062,-2.24279556097347
2914.76665397731,1408.60654935259,1053.44363828399,1861.32301569332,-0.429319762817367
1453.02962786815,1090.21589201973,716.34564011914,736.683987749014,-1.89547746543287
1369.07121485364,780.093911027271,1018.70663550513,350.364579348507,-2.75663998705348
3946.29674984395,1401.96694605428,1119.799655566,2826.49709427795,0.304420491079873
7612.54158139625,2460.50044764577,1515.52625489279,6097.01532650346,1.66349585575737
2945.74743071324,1295.38506125727,559.176304020949,2386.57112669229,-0.442927643752687
1110.8453736362,1289.44193297003,566.958943433803,543.886430202398,-1.86798943668923
2840.21217245899,1000.93829528382,988.312818569173,1851.89935388982,-0.67866032740484
18360.0413362452,51254.1536843156,1059.15664182873,17300.8846944165,0.289547889991562
5193.0154658379,1960.49587000421,1047.52840420409,4145.48706163381,0.853613724871526
929.188580317282,1026.44590087594,658.103234177569,271.085346139713,-2.52358229607674
1133.14523061146,1013.04702056789,567.336827554163,565.808403057295,-2.35563009868895
3978.98715522046,1509.43622348203,520.227072409606,3458.76008281086,0.304403633902576
1700.31069384219,897.651429895846,881.122173545906,819.188520296288,-2.02662027733554
16.8826039466891,631.642701937458,522.216711637682,-505.334107690993,-5.54526581081036
184.732460361878,491.065254949542,684.400967173249,-499.66850681137,-6.79090363179764
1748.91171807309,993.991761573752,1070.6123606648,678.299357408284,-1.78130004092986
2930.28208613165,1590.67470703225,1921.04361032159,1009.23847581006,-0.370425955043967
779.444432149971,901.707849926001,554.131983676878,225.312448473093,-3.03875013589296
1857.92458095517,1227.89193687018,515.974980794071,1341.9496001611,-1.35320108618716
2892.21044101873,890.501857505354,1017.71511319365,1874.49532782509,-0.70443294120344
4983.21660912456,1344.84175628331,1188.25536275356,3794.96124637099,1.08838628681593
2739.09056208427,1217.63162324002,1039.93648098571,1699.15408109856,-0.640931712571209
3324.84972576858,1527.68185984172,842.76800822264,2482.08171754594,-0.127421528655151
5341.20704814628,2168.74735207767,299.689088976516,5041.51795916976,0.839976940030719
3056.70706688599,1437.94665544279,1103.04540929128,1953.66165759471,-0.32184936416842
4091.68555387357,2094.48694239566,266.775183010675,3824.91037086289,0.273182066043707
2307.15265276424,1164.74878196418,400.692596832836,1906.4600559314,-1.04087392033126
2357.89974261077,1694.47143198939,549.145189819714,1808.75455279105,-0.685529138531304
1294.73790372802,913.893375975252,327.763642593853,966.97426113417,-2.43438834157889
342.910400326569,2123.98803801876,835.718987769955,-492.808587443386,-1.49558228505133
3703.7612710055,1574.81860059931,832.425887210997,2871.33538379451,0.11699886405141
808.506220262754,1252.86581590683,1160.18762669377,-351.681406431017,-2.16384151356493
5634.26667649771,2383.92889897518,917.961586689125,4716.30508980858,0.887089121558307
5968.658695562,2304.35542403789,1190.47870396411,4778.17999159789,1.0628349196332
3080.93624956637,1121.75700457722,904.077087061855,2176.85916250451,-0.390969730781648
1402.21413311575,1167.51786006939,1191.13308904794,211.081044067808,-1.8135012944528
4094.93323133573,1991.99657869292,1680.8479577477,2414.08527358803,0.288867939755675
1932.26089926145,1598.93946414523,1348.47283051095,583.7880687505,-0.992688228653748
15359.5525675364,8671.62447107294,884.632470328249,14474.9200972082,1.36537777014958
2663.31084223639,1105.66230443281,1506.8336927011,1156.47714953529,-0.774376080272709
-243.169067585607,1383.69246617096,41.9015745070995,-285.070642092706,-2.71930247741124
2990.64032881899,1028.2307570301,1198.0780240966,1792.56230472239,-0.514348507096718
1737.48350568894,1035.02380003381,1110.77918167524,626.704324013706,-1.72172444527479
763.566362092346,683.772299082459,453.937447503978,309.628914588368,-4.03049805506037
4827.72711016123,3102.84068368849,690.734879857754,4136.99223030348,0.421619399729456
4673.47849924545,2086.5299808578,1651.45377457632,3022.02472466913,0.553056618492816
3877.03458307663,1580.35566812652,816.40511901393,3060.6294640627,0.226230909053602
2594.70672430978,1048.82320170129,1459.45357249893,1135.25315181085,-0.881752575494574
3618.53250424424,1221.04383960515,1566.53851418812,2051.99399005612,0.0810971870001886
4339.00239587977,4491.91517742269,599.586602563821,3739.41579331595,0.182437352412699
3291.25869980982,1377.18706851335,1127.32902899472,2163.92967081511,-0.165736804430586
10143.3523634013,4908.58574060765,603.25758601998,9540.09477738131,1.34944023182794
749.2073282784,462.175151983791,753.776742452204,-4.56941417380324,-5.9940521325714
2205.89279563933,1562.86044759337,590.926483883816,1614.96631175551,-0.840520655591388
4832.45317532319,1382.47405205471,1517.23228236655,3315.22089295664,0.949705992473037
4539.16732911271,2146.46605117264,1216.750336738,3322.41699237471,0.475040378536293
297.846801401797,1066.18860728056,1690.2267622472,-1392.3799608454,-3.02166282799042
9418.92944215495,9224.38603519043,764.87416654374,8654.05527561121,0.639546104857352
1021.22885549706,998.744341837546,245.130551897787,776.098303599273,-2.50142135829758
3003.56405650101,1654.19027306955,621.11840374668,2382.44565275433,-0.311901983433832
1890.62397107284,1383.63245563428,478.737319853017,1411.88665121983,-1.17725289396222
5243.29039708178,3190.06060490566,1713.01071805085,3530.27967903093,0.540359989017955
2861.02451176272,1216.19201265757,954.760319168163,1906.26419259456,-0.541431587308931
2114.06359042991,1362.94515431796,635.404415245274,1478.65917518463,-1.0311828680456
3732.52564268402,1959.28254363649,810.016959161847,2922.50868352217,0.108721613290291
3107.9901943409,1647.83682342227,493.104354251526,2614.88584008938,-0.249732912542152
349.150035967243,614.471798828847,881.487663465669,-532.337627498426,-5.15948698333049
4876.88972637552,1402.31922248104,714.334567218886,4162.55515915664,0.967953958675427
-9.02534258046132,521.066853153385,1067.6377145772,-1076.66305715766,-6.77175031356318
8122.04708360532,4147.91651494616,1265.33565439377,6856.71142921155,1.10960232284634
4619.85270020994,2105.11633022548,956.316261122036,3663.53643908791,0.522699577578087
6946.37169967302,2821.73021927116,1172.03586894969,5774.33583072333,1.21445430630495
1044.75128704764,908.254024562618,529.358534666371,515.392752381273,-2.72474212023719
288.183349523663,1800.48736802384,465.890339133014,-177.706989609351,-1.79469514283308
2471.54926796538,1607.14110422499,446.01527623146,2025.53399173392,-0.652064720968188
2327.16916791582,1415.72988598568,1151.18574572748,1175.98342218834,-0.842208762798272
17835.8319285357,18161.7934914052,1173.6711184766,16662.1608100591,0.788265908411653
-1552.08326589231,828.196852952093,236.659305189561,-1788.74257108187,-6.1236559055532
3581.87996118176,1624.73765217752,661.097810308025,2920.78215087373,0.038388152973381
-37.1148656104282,2528.20185160837,955.488092652317,-992.602958262745,-1.40678013782648
2782.1885751513,1213.72026763551,749.639589642418,2032.54898550888,-0.607488173476297
452.564970040433,667.426037023217,416.917993084139,35.6469769562939,-4.5951823025766
5771.69939873067,1967.61736792958,1463.99133551209,4307.70806321859,1.14462809273338
3449.19428464085,1538.02608148775,594.405138880068,2854.78914576078,-0.0457176896112765
246.730561819371,1293.74999503471,630.751057885742,-384.020496066371,-2.529684045905
184.869060406147,745.391477650948,861.153269752751,-676.284209346604,-4.47367634756317
-1747.08948907176,1244.22877998984,331.983913831513,-2079.07340290327,-4.2328218551279
1022.45046784,1888.30778147393,454.713500191716,567.736967648284,-1.32237913771624
16928.7872670198,15072.2295172903,1477.43624940251,15451.3510176173,0.889667846949177
4796.74405129348,1515.68990051206,1349.35971667727,3447.38433461622,0.842675515099513
3181.03381667827,1067.90769577316,988.105936321081,2192.92788035719,-0.31695198780736
7401.89137342139,2998.87430672231,1143.11288556594,6258.77848785545,1.29461314236153
4217.48223251667,1203.4192397195,1043.42399373782,3174.05823877885,0.579991515700718
105.871147602484,684.088500310266,436.407040201303,-330.535892598819,-4.99005338417123
3027.72345715059,1553.42373673795,589.143946265956,2438.57951088463,-0.316581892543031
10135.5473911163,3465.58927467452,1253.53403193654,8882.01335917976,1.90906584222659
5807.06003885505,2885.39684961181,973.327074097742,4833.73296475731,0.792802818619026
2025.04148135666,898.439629018126,1324.0837299604,700.957751396262,-1.66340369906094
2006.9666726601,1285.52760935721,504.011135628155,1502.95553703195,-1.17659286348937
4017.80395219928,1852.78402559882,1109.30583533993,2908.49811685934,0.26894374177793
1564.26261124733,785.018448031076,890.390077843019,673.872533404307,-2.49070155905894
2471.0355915,1091.36387630918,755.595079747587,1715.44051175242,-0.960700381337642
1714.36637648631,682.480380065037,1097.66371853679,616.702657949515,-2.64497406795786
6486.36657620935,2304.05765404774,1183.52056910325,5302.8460071061,1.28766625581129
4044.78937223636,1719.76081560813,1506.99589286811,2537.79347936825,0.305437874744376
3374.04924820192,1061.26673011176,885.904584783794,2488.14466341812,-0.137062654768343
3366.49605929142,1491.73198076288,1007.03411819981,2359.46194109161,-0.102574206580111
4916.42693950187,2349.19952604721,1134.3295517834,3782.09738771847,0.594635594109789
4630.76192902021,2359.23072662392,615.850703630663,4014.91122538955,0.471023301295365
4231.64531955416,1612.55654701369,642.994002650136,3588.65131690403,0.441619264282311
3460.40683630106,1218.68797477396,792.366954368888,2668.03988193217,-0.0484967838943794
1975.62484665521,733.785423438563,587.310256861601,1388.31458979361,-2.103999872004
2505.83430099726,1568.97036400541,704.596833368317,1801.23746762895,-0.646076564545993
1584.99890995866,1163.04430255708,976.932992474546,608.065917484114,-1.66331615178928
3879.46954339937,1515.00195729368,512.733909038192,3366.73563436118,0.237597224226714
4305.57884229928,2130.78738926143,552.792543014592,3752.78629928469,0.368910367412768
3435.94568682293,1298.13544642616,1144.41794262269,2291.52774420024,-0.0643720168457611
262.969869689159,2023.48909919229,1062.76607908972,-799.796209400564,-1.60936839998748
1469.86481337246,1300.78082422748,638.219099290503,831.645714081954,-1.57570317158785
1056.63544464639,1045.74380028657,724.955849849587,331.679594796799,-2.3551407508484
2310.33026495738,1094.53431741284,503.503535613905,1806.82672934347,-1.10474290248763
2220.7703193712,1181.86188303819,241.656264149998,1979.11405522121,-1.09889233498123
1115.24880208943,1975.92715398871,301.655293633605,813.59350845582,-1.21677586985206
2059.50753702781,1434.03409913965,640.195242785606,1419.31229424221,-1.01810811018822
3834.80849106456,1179.42335396606,765.566022108781,3069.24246895577,0.267333359438695
3793.88672158242,1274.86879038948,979.967526892921,2813.9191946895,0.215220138733058
21705.2189069726,16547.3850317158,740.933348518521,20964.2855584541,1.09900806613663
1605.47091580417,990.455108908433,1083.59287798905,521.878037815126,-1.93248371443469
2268.54976807606,806.792493619158,548.975473470436,1719.57429460562,-1.55053440068668
2147.66628755785,1540.54083409303,753.763824420767,1393.90246313708,-0.890494406724476
2556.63362406791,1718.60589976797,1063.92277757032,1492.71084649759,-0.560265538312448
1287.75564024214,1017.42154323936,325.129439443614,962.626200798524,-2.19353881214325
1294.24411167159,1669.64502206779,296.168547820082,998.075563851506,-1.3327774123034
4186.93875733839,1310.18304319469,1109.57270152782,3077.36605581057,0.509416968229577
3946.67210230655,1720.01821770942,588.792321245446,3357.8797810611,0.248347845540297
539.325982045907,753.226333212691,1117.82337157661,-578.497389530698,-3.95655750495505
4090.26324028096,1504.0669293513,902.896330259336,3187.36691002163,0.379473775730695
-282.472080862302,1243.81060808729,855.667981814856,-1138.14006267716,-3.0567204844452
2711.36293978442,2111.78807681323,469.387448011651,2241.97549177277,-0.382683448560546
752.21976445688,1121.03798114083,1114.33791647654,-362.118152019665,-2.46850647858988
6974.63088507923,2757.02405170863,1110.93521549296,5863.69566958627,1.25320691318946
3497.30409785993,1983.46544776813,682.022385604115,2815.28171225581,-0.0111951462594987
5008.77527916581,2291.32759046181,610.078653547615,4398.69662561819,0.64995769339874
2623.99148633652,1078.49582973107,1411.08413363417,1212.90735270235,-0.830339601345641
-138.44211621517,916.169751300114,439.008182967285,-577.450299182455,-3.99265681351367
3740.23134622073,2029.68592456922,1100.49025948819,2639.74108673254,0.108746905075582
4678.02615258108,1580.6619815574,1372.16603881953,3305.86011376155,0.732931444198625
3877.0718555779,1158.85853730717,742.618337587096,3134.45351799081,0.308547212984612
2128.29145742766,1166.86419997651,930.292596432023,1197.99886099563,-1.19227055406165
3837.68392047159,1199.66954588699,2391.6178739865,1446.06604648509,0.265218566157725
3624.87428216957,2466.40932492746,1279.78876810557,2345.08551406401,0.0427199968214195
8606.95888837153,3990.76142638848,1241.2391637537,7365.71972461783,1.2748067501813
3562.04219282119,1093.60289366159,769.673265173846,2792.36892764734,0.0388924621719201
1018.35445187707,1281.91834144175,720.040711016888,298.31374086018,-1.95110308583172
2985.98300020715,2015.65242913147,1857.48974104269,1128.49325916446,-0.26469160839952
1442.84244673508,856.849685946836,387.245880221437,1055.59656651364,-2.42360693009827
2552.06146147455,1176.60339544361,916.781485510296,1635.27997596426,-0.822237829603615
1868.09768478122,854.014261890532,743.768772477186,1124.32891230403,-1.93370494212989
58.9321196399274,1367.70036373485,504.106465244376,-445.174345604448,-2.53021586874369
764.463828498119,881.418615956774,586.143388521905,178.320439976215,-3.12569465322632
2514.31217249186,2066.02243364112,1004.55735823998,1509.75481425188,-0.486537365126742
2090.58087052914,1061.21244324253,774.410047841401,1316.17082268774,-1.34650552037736
8111.55732172174,3513.71225452875,801.382631317472,7310.17469040427,1.30689359441849
3121.22206687787,1153.14313726194,422.510437982186,2698.71162889568,-0.345392695755179
1052.64397968649,1578.79470655843,810.080231211363,242.563748475127,-1.56249909739013
-2236.03875538024,1449.91091349319,571.337826596234,-2807.37658197648,-3.96958736255185
756.566769164402,1010.48346645598,122.689023654131,633.877745510271,-2.73427780483561
4546.25851552136,2548.77491377006,1513.27222486331,3032.98629065805,0.402840292536572
4485.28377302964,1882.34025131725,1509.92464092747,2975.35913210217,0.513071156346702
3528.7800237892,1669.89192638078,211.079285386492,3317.7007384027,0.00555170067857968
2846.32112007543,1418.37012052131,1176.81692162784,1669.50419844759,-0.474620942610875
55.37540864877,814.447539826065,515.027225399777,-459.651816751007,-4.25335421326141
2978.18760424572,1539.36906613433,979.354378711878,1998.83322553384,-0.35165165476659
2967.79928051233,1728.66661204645,1033.969988464,1933.82929204834,-0.319153502064164
76.1139044350438,837.324300114798,563.486886663615,-487.372982228571,-4.11237961055378
3745.90736746516,1963.84312798003,1007.9873366729,2737.92003079226,0.115283181528697
1249.34072558949,860.46014879519,1204.81013774175,44.5305878477388,-2.6383192309807
3351.89408563293,933.999189347756,684.394685052443,2667.49940058048,-0.179459682542637
5527.06767175329,1725.97920284442,1192.89386946472,4334.17380228856,1.16314170228498
2046.16565209116,1695.61011195674,108.296487928437,1937.86916416273,-0.86891651634287
5302.06748130282,2276.55099188665,1207.12014504954,4094.94733625328,0.783008245370865
375.684414013286,639.428480983051,994.505520396889,-618.821106383603,-4.91661689013567
2854.53297095124,1652.94129837432,971.529046342147,1883.0039246091,-0.402298807193648
4753.77492826827,1405.47371312178,721.716959443282,4032.05796882499,0.878184794988747
4558.5637881529,1572.90617830222,1472.71086024637,3085.85292790653,0.660595348176512
670.827766175515,2458.80224044045,962.860279438589,-292.032513263074,-1.15856471521783
5636.89017155183,2533.41880737808,898.170984089073,4738.71918746276,0.835780046211478
3997.6765143712,1839.85454840965,862.939169886782,3134.73734448441,0.259894039524029
4597.2023285014,1789.19690315771,1023.53438035611,3573.66794814529,0.602333394916488
3981.92277750588,1265.05269239104,570.813149995765,3411.10962751012,0.365529038149022
-19.3189265050163,1560.7770179171,899.247039492555,-918.565965997572,-2.26735028100044
1592.70501008898,1163.14681492761,838.683739153049,754.021270935927,-1.65654434060355
1149.0987969648,846.042628384034,1195.51291097359,-46.4141140087918,-2.80176247290412
3953.7766764985,1315.04252006005,917.452552733771,3036.32412376473,0.330230685491688
3463.62260778018,1821.04524805844,148.466194143704,3315.15641363648,-0.0306893395030995
6057.87238907621,2603.56446285916,480.682125709281,5577.19026336693,0.974956887620252
320.14871986911,787.775254730443,1136.2010016218,-816.052281752692,-4.06126054933521
1059.03141559632,1040.6592123438,520.135735600732,538.895679995584,-2.36434544456727
2535.71771951781,1302.4915198154,1231.24928524377,1304.46843427405,-0.755315139610255
1803.69056147276,788.786487892149,749.808904219366,1053.88165725339,-2.17526383693606
2971.6002092523,1918.2778715456,1070.13993875071,1901.46027050158,-0.285625499060048
2843.39209777461,1450.56882947937,885.061315049735,1958.33078272488,-0.466104863232451
1171.49174523432,1058.60411440048,1339.5440316487,-168.05228641438,-2.21803175188281
1214.73206841153,852.349211210259,287.55787781982,927.174190591713,-2.70402926983911
2418.05490658655,946.057845023629,1466.90165515572,951.153251430829,-1.16425690337602
4306.73138886086,2123.78469607816,1137.94615106603,3168.78523779483,0.370669449999434
1106.06585310356,2000.57149551035,500.339649947238,605.726203156322,-1.20637699575397
2606.01369670914,1543.78036265394,856.87025954744,1749.1434371617,-0.591726393882097
2442.25142430932,1335.11254519541,964.594910231175,1477.65651407815,-0.80686670439559
2251.60189015085,2001.57524232027,358.587608544219,1893.01428160663,-0.633454774364471
25348.3367587594,25565.0893410586,930.243429000581,24418.0933297589,0.853852970505879
9035.83655419033,4577.54900744784,1206.17900187977,7829.65755231056,1.2050831703968
3723.70813659728,1245.48529881826,844.731858243693,2878.97627835359,0.163951235026763
426.095645496982,584.319041565811,978.00841321904,-551.912767722058,-5.29404900080253
4342.6833986035,1865.17548080347,967.252982869536,3375.43041573396,0.441338696239209
2399.18028157706,1698.18057722296,1095.10812981107,1304.072151766,-0.659723127856856
1493.29316108954,2834.20810240909,480.806377171113,1012.48678391843,-0.714914377965583
5257.14991968243,1827.82608933273,1399.34769915188,3857.80222053055,0.950659718763742
2422.0174867449,914.043726024578,1241.37096889591,1180.646517849,-1.20069944758194
1333.65848108524,979.3548464194,1016.7901525226,316.86832856264,-2.23192932628531
789.615560768192,1869.59292998637,982.561567991871,-192.946007223678,-1.46015406835116
13.4217502587208,1336.42747964022,400.392863039734,-386.971112781014,-2.62347758243756
4856.77739311238,2788.44761836577,865.244153773199,3991.53323933918,0.479574405721759
1721.92819944121,1620.17008345691,795.131850434432,926.796349006778,-1.10950146689025
4035.36097168497,1845.65195539438,1107.33618494014,2928.02478674483,0.279495647339635
3637.91186188355,1246.33851239112,807.436846211451,2830.4750156721,0.0950003366324924
4211.9688299115,1966.41971218348,1091.48412234034,3120.48470757116,0.352142292905644
2119.84912779131,1010.04895456563,660.15028776916,1459.69884002215,-1.38573496812238
2457.48476634527,1111.15289422306,1059.57048243683,1397.91428390844,-0.95578612342604
2680.63511498942,2550.67811152251,587.967070184079,2092.66804480534,-0.328882803702036
2844.90829198795,1074.14897360525,657.002827927223,2187.90546406073,-0.628032990057411
-2740.80512842922,1495.71530325969,972.153404514066,-3712.95853294329,-4.18549866972287
1418.55266633547,808.153224323761,688.841602263975,729.711064071498,-2.59970084147211
5013.26090976912,1390.42403940009,877.696515278722,4135.5643944904,1.07431372285915
1607.4489936707,882.419943657712,908.84734422084,698.601649449865,-2.166837120716
397.492827102105,584.127689290137,231.07810707936,166.414720022745,-5.34474998153278
112.899556307687,854.313427175667,427.024802972487,-314.125246664801,-3.98754089421585
2736.04116261214,1177.32339954423,1291.16333220631,1444.87783040582,-0.665465513842258
4906.89858470434,1918.55589949085,634.126990461355,4272.77159424298,0.723142495573974
2887.92456631832,1511.98344746046,1035.13644037041,1852.78812594792,-0.417719333099081
1986.64260692642,785.301303245794,1082.66946238265,903.973144543775,-1.95194719579136
-436.28408488628,1928.50387858135,677.70698063794,-1113.99106552422,-2.051223963026
4085.54540670588,1028.06616393067,1221.33580666715,2864.20960003874,0.550583360212312
2003.27617023414,1973.99152937926,262.15618998422,1741.11998024992,-0.768105177174197
2609.69700135696,1704.91019179005,1240.56201232904,1369.13498902793,-0.533642350589824
12201.5792869292,7155.77338754273,579.947393610234,11621.6318933189,1.21329582884712
1087.18552431456,1193.0217911837,697.94551077863,389.240013535926,-2.03879239868744
1598.26850277592,943.035347672194,659.224548959214,939.043953816703,-2.03729455700135
3420.30747161181,1284.2075161021,1182.54834701517,2237.75912459663,-0.077247493720993
1590.06877589137,1249.6074915832,660.589006334444,929.479769556924,-1.54403724429698
2488.78797809329,994.435497408197,531.236690232432,1957.55128786086,-1.03648885044977
1113.27354846354,1168.42967800018,624.439205518262,488.834342945273,-2.05937574206709
2372.57310363167,985.325243082069,625.264830838785,1747.30827279289,-1.16401785914781
7295.89995092543,1918.87867530021,1264.13281548793,6031.7671354375,1.96801950841747
-249.522256544184,1438.43491724209,959.158191023651,-1208.68044756784,-2.6202308460496
2404.97564918063,1627.0531008679,880.151646086537,1524.82400309409,-0.685001389243667
4014.0719648334,1473.40734813425,1592.20509856576,2421.86686626764,0.33565916568239
1902.51282376896,1006.87769951064,717.496783648028,1185.01604012093,-1.60595121002808
3738.65759452922,1033.95087188401,1109.37742240017,2629.28017212905,0.211952344004063
2349.26784483859,1187.11461856498,638.85585088008,1710.41199395851,-0.985786393755628
1130.61470033814,914.732038823221,768.061623283461,362.553077054677,-2.61157856281438
2621.91831372074,1289.12109723888,394.453339627342,2227.4649740934,-0.696281343816439
1694.58809252906,1071.38034704486,772.458551116556,922.129541412506,-1.70333644457162
2671.55537479629,1549.84030258003,493.702477523544,2177.85289727275,-0.547123408418575
7448.28367206057,3139.13899746251,752.224202680522,6696.05946938005,1.25154521401824
3961.37216480701,1400.10426172473,1118.07381199843,2843.29835280858,0.315592840646268
4804.70332986359,1504.5347710183,1070.61553715659,3734.08779270699,0.854213588792893
-168.049745960242,838.549190779468,650.65367277927,-818.703418739512,-4.39754646496152
2311.27379577058,912.283170595072,570.1863789616,1741.08741680898,-1.32440839294411
1619.37122269887,1343.89509763829,1164.67261916095,454.698603537916,-1.41390355861012
-247.223665023701,3034.6126095201,1052.99241133183,-1300.21607635553,-1.24125660614972
1069.03237263509,1609.65520557303,814.93022697938,254.102145655714,-1.52236137436707
3870.01575684267,1585.24897996849,629.212486314903,3240.80327052777,0.221104998409326
2530.75955132639,1682.07993734252,1178.74822110429,1352.0113302221,-0.587813759840731
4593.8006635829,1298.32954703615,1448.57886943229,3145.22179415061,0.827441216590165
3123.709664268,1789.00500738482,584.94789888558,2538.76176538242,-0.221240084709958
1680.89843971194,1038.23400699227,672.741613846631,1008.15682586531,-1.77090215842843
-33.228205071999,2417.88482874847,436.60651238295,-469.834717454948,-1.4693576164086
7068.76474527818,2818.61217349813,1388.40937027535,5680.35537500282,1.25922093681476
2269.11290526046,1210.52440501071,1008.19949295799,1260.91341230247,-1.03293776912893
2762.69050990453,1393.56801776556,892.209990164375,1870.48051974015,-0.543079895703481
1037.86255765699,1270.81885766552,596.86904941061,440.993508246376,-1.95279343788628
1168.05976664082,1219.63816240981,675.462538264908,492.597228375909,-1.92798945579191
1757.24751438828,1034.63012895277,835.257118014299,921.990396373984,-1.70327706486161
2217.22363259963,1081.63174371883,1405.37707962915,811.846552970471,-1.2040009537546
5573.17697100743,7602.61536286992,449.980565689204,5123.19640531823,0.270126474816666
7218.10912232503,1904.58075430501,1432.47261413978,5785.63650818525,1.94194960246058
3450.93696721805,1472.79258046569,762.131105375085,2688.80586184296,-0.046559384763212
2502.65940694141,1222.0312320438,930.37600917887,1572.28339776254,-0.832098108496209
1629.99483633499,817.634487687464,1268.3820184208,361.61281791419,-2.31095248031614
1858.68182489094,1129.77963447099,388.57688603083,1470.10493886011,-1.47004549213271
-175.108722961414,1609.16673370965,583.911632725744,-759.020355687158,-2.29598209384584
7923.6208482882,3168.44181290263,815.476154336784,7108.14469395141,1.38999288126589
-375.76940403999,881.663258562949,607.661916015013,-983.431320055002,-4.41810254635923
2475.84396601598,950.070489274183,721.270069149563,1754.57389686641,-1.09851356232494
6632.58392868929,4108.37946770328,1224.71462483406,5407.86930385523,0.757737854916612
2802.71272967354,1068.28808568299,579.759418626984,2222.95331104655,-0.670976830670675
5069.38154331331,2211.9251153301,791.149096162649,4278.23244715066,0.700689299526156
2010.19155886107,1447.36577405076,1004.39777028788,1005.79378857319,-1.04280324424361
2482.88258771076,853.496337535797,1583.12902284753,899.753564863225,-1.21456490244648
2523.64350726969,1035.75159604178,1095.82305679637,1427.82045047332,-0.96149094067
1911.1544292456,989.667820864155,1089.54701174859,821.607417497006,-1.62514615560439
5841.95692061502,3462.70303023207,1038.27780514489,4803.67911547013,0.670703671868454
591.839657139941,1886.68416364933,556.734766371487,35.104890768454,-1.55175396227716
3094.96531809042,1364.29161551055,879.05006071402,2215.9152573764,-0.311182712501722
3033.4965937525,1253.1117146382,833.913091941103,2199.5835018114,-0.387844662386044
2479.10631498122,1341.48484290205,743.253487092214,1735.85282788901,-0.775560733445499
2171.43773996658,1331.52758527375,590.897370430715,1580.54036953586,-1.01242479584426
585.838629736872,1660.75212067774,398.675781046054,187.162848690818,-1.76647111714316
2308.89530022986,1258.29618350919,889.045797741027,1419.84950248883,-0.962105742101423
768.39020827508,915.811911414788,1015.08242492053,-246.692216645446,-3.00402194062231
891.617591687374,652.546962953086,1003.7570162244,-112.13942453703,-4.02713036938908
6164.30671512791,1926.28915296951,865.64328585954,5298.66342926837,1.37300125861292
4010.31516198267,2672.70808290699,237.096770285643,3773.21839169702,0.183636170920875
3759.35235246023,1781.88264592954,1170.99858029117,2588.35377216906,0.134600934219635
805.814207255432,889.762268477392,637.550276493354,168.263930762078,-3.0499102653979
555.552466760607,1038.60003194023,242.328444576729,313.224022183878,-2.85380004403689
1952.86262376575,1372.55412737947,158.051682189467,1794.81094157628,-1.14140974744195
3095.61832657318,2761.27861436978,1161.00326149972,1934.61506507346,-0.153512562937053
3977.78139886231,1197.14441259447,792.067882737165,3185.71351612514,0.382804372131495
3909.28366925117,1331.38274196052,384.125969938337,3525.15769931283,0.292759079202764
-1612.36360913365,1780.03408412721,1379.55215085345,-2991.9157599871,-2.88301945369674
3349.47205136182,1152.81255769675,915.248409408358,2434.22364195346,-0.14749772732027
2710.72923312003,1380.82755687313,1386.18399086656,1324.54524225346,-0.585721255708281
-1086.65993004467,530.082341034023,349.083532091471,-1435.74346213614,-8.68953529881385
674.717316138961,1184.62453775051,722.854394599088,-48.1370784601278,-2.40142920972361
2109.31961581163,1156.08992367746,1163.2958191071,946.023796704532,-1.21979236991443
6983.31111845733,2637.86036535681,1428.17122169854,5555.13989675879,1.31311038305868
4137.45156422447,1420.57199412079,1537.67717955803,2599.77438466644,0.434995398426508
2164.48036204546,1098.36081059414,700.516557352889,1463.96380469257,-1.23368287409118
1840.45533879071,949.8355652305,802.643776677067,1037.81156211364,-1.76773118034402
2510.99867590265,1284.6382634844,777.983352855768,1733.01532304689,-0.785054156031644
2171.66474910875,1432.18680294301,1143.09207845349,1028.57267065526,-0.941109450087037
2443.84979788352,1135.92912386661,1344.0263119216,1099.82348596193,-0.946942430794777
2768.71136338731,1247.69149947665,682.253740801345,2086.45762258596,-0.601749647710169
906.499339375925,696.564649037217,1042.55680402098,-136.057464645054,-3.751281303012
712.639371668554,810.708966139076,879.113691176787,-166.474319508233,-3.46224111144009
2516.11847487209,1501.20286407314,1001.11065606111,1515.00781881098,-0.668391216663288
3701.24083131143,2894.26296052654,978.476123245181,2722.76470806625,0.062790268245015
3831.54173254005,2081.12054890187,1114.97914690061,2716.56258563944,0.149934826724162
4768.59984472813,1478.91782606277,1001.38050591392,3767.2193388142,0.844597677482292
2726.58885978479,1127.68056135796,1597.37556569978,1129.21329408501,-0.703142761376263
3788.49861274741,1147.37221261173,1016.80830744202,2771.69030530539,0.234439466236297
2849.33941719999,1488.18838857305,1323.27884006654,1526.06057713345,-0.450325961144583
2843.24684267016,1214.59486131408,809.376441295855,2033.8704013743,-0.556780258601244
2769.03895372718,1669.65497303361,310.273778127105,2458.76517560008,-0.449476294229601
5073.80635174151,1481.07587380615,972.962985515525,4100.84336622598,1.0494378414921
6710.41239990037,3038.75298265673,701.601202131385,6008.81119776899,1.05006992488816
4201.75874257904,1235.61796006678,595.382695907053,3606.37604667198,0.552152429780003
12813.7536799101,9583.58232291609,926.301279135399,11887.4524007747,0.96980900075721
5328.01764055718,1411.14267645009,1479.40593267512,3848.61170788206,1.28159142735189
1516.49993192149,1364.27668927983,2.67031204280873,1513.82961987868,-1.46818410624915
1267.20659375916,949.907078275024,808.001589545722,459.205004213435,-2.37107685730613
3125.29814798077,1183.23865610535,782.811414745936,2342.48673323484,-0.333162826986343
4534.54210069658,2021.25553597793,1357.75149452672,3176.79060616986,0.502179362767772
5150.07114707145,3951.3813115838,676.319147046995,4473.75200002446,0.412656166248237
3986.85219024085,2134.30609839952,1107.07124400297,2879.78094623789,0.218967142034102
4088.24123168406,2359.44410127069,857.502914111644,3230.73831757242,0.241044891773199
4683.02457805408,1648.3447152774,1174.64675930208,3508.37781875201,0.705868914203374
2462.6403186331,1114.46906709422,1247.50350321251,1215.1368154206,-0.948316105148476
3346.86083684686,1627.99419360128,805.688465216722,2541.17237163014,-0.106049792732723
3648.58162549902,1957.2810372824,842.940560731765,2805.64106476725,0.065944715854333
801.600016310868,916.980128126911,830.563396209721,-28.9633798988532,-2.96397837201694
3914.32194375691,795.82544776146,1611.22978677549,2303.09215698141,0.496104593311388
10774.7005878102,13122.9524627013,936.231093700107,9838.46949411006,0.552862728473862
-286.573648670693,642.097575992696,656.24680999553,-942.820458666222,-5.92757716992587
6449.76972765837,3092.78412350328,592.075321426327,5857.69440623204,0.947450687470172
160.759926067388,1050.67900825747,813.292793442375,-652.532867374987,-3.19674166056805
3858.59464802018,1497.03178520242,1535.18315516883,2323.41149285135,0.226505120147452
1907.78590628915,1560.44754644855,786.937665088268,1120.84824120088,-1.03285969530175
1095.20801993176,1155.82045711662,449.994712356678,645.213307575077,-2.09747218851309
3567.76309014117,1484.11936851016,860.37039441185,2707.39269572932,0.0325134268284995
-242.421985634629,1248.00781423713,360.011453136094,-602.433438770723,-3.01434913016353
1366.84661898174,641.470714452731,1013.4608737676,353.385745214139,-3.35582375962893
3130.82638334129,636.37957484682,1585.38583852685,1545.44054481444,-0.61077211725506
420.464257491944,1070.72254056056,1093.17125775545,-672.707000263505,-2.89434929102542
1811.71655358333,1021.83378285485,678.197827613253,1133.51872597008,-1.67130188756699
2018.97545089831,1011.93988052383,752.245413161137,1266.73003773718,-1.4828290312793
-347.609683137047,978.878863624954,1040.72404791869,-1388.33373105574,-3.95055926783913
5266.4688928924,1950.38517367001,225.664820633456,5040.80407225894,0.895699799623075
1092.31553634377,1202.08409910993,603.095203862079,489.220332481687,-2.01915469067579
2384.47333420772,1209.84123719157,541.001687071207,1843.47164713651,-0.938169335404221
1303.53307284639,993.358979483728,1013.43300864436,290.100064202031,-2.23079093919668
3669.34561030709,2046.95015695334,1274.61287929539,2394.7327310117,0.0731997924569663
-310.574506710685,785.855220804971,691.487229696935,-1002.06173640762,-4.87377787785871
4073.39854407535,1624.67432505615,1287.86307369346,2785.53547038188,0.340923255747179
1974.7915093742,1130.95650493985,474.689845038071,1500.10166433613,-1.36585073566229
-618.96047459533,2496.32641464846,1316.81814059159,-1935.77861518692,-1.65782396643288
3384.60379538504,1419.13656391686,1416.49317502971,1968.11062035532,-0.0950616675614168
4033.53605827274,2483.26986705591,1070.43612621869,2963.09993205404,0.20699593767221
4958.44424217573,1903.56189215651,1274.15620226187,3684.28803991386,0.755917085993581
1753.79476717232,1268.98811921415,595.343765503372,1158.45100166895,-1.39143502586099
3016.55853557216,1312.44735100441,869.876684574121,2146.68185099804,-0.383215942103345
1559.14765921978,968.971625382729,332.264535570976,1226.8831236488,-2.02313625402009
2296.69734914108,991.767237261698,907.383578339765,1389.31377080131,-1.23296262324969
6400.93694749378,2747.23819110597,1219.79032082231,5181.14662667147,1.04884522688054
4108.39839867393,2369.84719706415,574.524339647897,3533.87405902604,0.248492441097096
197.571933832899,447.91487053918,374.643132209885,-177.071198376986,-7.41644800900816
1669.404138377,1047.45241497804,490.282915157818,1179.12122321918,-1.766290400228
5335.2430457941,1601.80177052995,1380.74788237393,3954.49516342018,1.13355709523596
590.472220608253,2193.97181213247,312.766446285718,277.705774322535,-1.33503860297693
5372.27771045253,1942.72653812042,881.575903237471,4490.70180721506,0.953694918172441
8860.3795266867,5082.68271803737,744.27702508084,8116.10250160586,1.05079749009017
1980.26782349008,1083.53938297445,957.172338870654,1023.09548461943,-1.42056807933724
4974.91681308711,1899.60166804849,873.59336136554,4101.32345172157,0.7661645880391
1259.64647785528,1445.32376063187,975.071575241439,284.574902613839,-1.56356857013483
55526.0307188181,135435.002191067,514.836844172532,55011.1938746455,0.38399616490426
819.087052898693,900.28712823298,762.278168933942,56.8088839647514,-2.99951220678881
-394.660559436871,828.949558193057,563.908295142812,-958.568854579683,-4.72184321036051
1548.36848956022,1713.32880372303,558.808812399984,989.559677160234,-1.15047432215281
1903.97652020034,1525.18530302986,701.436400784444,1202.54011941589,-1.05923703843637
202.315645593415,1530.95090055225,1151.68931896817,-949.373673374759,-2.16675377169729
4441.77358242667,1748.6102653091,1382.32988503822,3059.44369738845,0.527427018515925
3155.81549456022,1403.61922020174,1124.45366520791,2031.36182935231,-0.259111434108077
2342.94219337786,1351.21698491263,749.598520795573,1593.34367258229,-0.870746226111546
2678.7469473449,974.066509877791,1159.27382777468,1519.47311957021,-0.863146743859352
6027.78067226631,2312.84893075884,901.341930055788,5126.43874221052,1.08449425955157
3640.58001465287,1286.24446898341,759.749861820907,2880.83015283197,0.0941273093288464
2793.87616715397,1904.14626448415,1056.43424548147,1737.44192167251,-0.38108055564259
1053.92820009149,588.088280260056,483.059730559698,570.868469531794,-4.19253565547432
1936.24718200605,1170.00960708018,739.216172592426,1197.03100941362,-1.35320436008506
1829.52885277231,1051.63014693356,-74.4865202315478,1904.01537300386,-1.60701025527258
2277.23567730084,1346.14760761452,1117.18407704267,1160.05160025817,-0.922836098597626
1520.54842286879,1003.08129158183,1026.69056728844,493.857855580355,-1.99282040005678
2088.21468199175,1058.49884934703,1157.06006906084,931.154612930913,-1.35219287440845
2416.01410804931,1239.81254536757,1093.50771650236,1322.50639154695,-0.890050015804519
3278.53293194662,1186.49713968722,1013.71554022436,2264.81739172225,-0.203098973980893
7376.71355355866,2284.49308589077,1105.27888995833,6271.43466360033,1.68842895333444
1999.9646187756,1128.21376020407,322.911773030431,1677.05284574517,-1.34685882983549
32.7605608589365,1159.62294913505,888.472687506653,-855.712126647716,-3.00679520476042
-5921.23717543721,19113.9038039284,746.834218757485,-6668.07139419469,-0.493920371051844
12596.1031326189,8545.27908453705,1356.558206493,11239.5449261259,1.06217640865527
3768.22711451794,1337.58114489788,702.493339805957,3065.73377471198,0.185945975553186
1695.05206523034,1004.26155353176,578.57602396922,1116.47604126112,-1.81671518938649
26.3488998045112,655.538907980741,779.550482751093,-753.201582946582,-5.32868505792255
3410.97956820332,1134.93700126622,430.492521056583,2980.48704714674,-0.0956262024446701
1549.4263469956,1833.09959334476,414.119697360563,1135.30664963503,-1.07472771463445
1396.11260099538,801.024788443751,475.372092839756,920.740508155626,-2.65085015256314
3126.8138119349,1105.00064773089,982.92237550752,2143.89143642738,-0.355380309070272
1043.98571566658,1274.53726089308,1369.22920238311,-325.243486716527,-1.94229203330403
2480.97011748721,1676.90266701116,1513.51761055036,967.452506936847,-0.619319884565628
8978.92756266101,2659.72759379834,1583.32303789671,7395.6045247643,2.05262309258374
-648.080353069005,706.747938023958,747.054002225174,-1395.13435529418,-5.89685432739966
1267.56439450517,1741.15057718436,741.888488353642,525.67590615153,-1.29336596079176
1752.02818355016,961.844069393061,1021.44293374444,730.585249805715,-1.83759629688574
334.620450467362,598.400423986379,549.458323293014,-214.837872825653,-5.32233719348683
5032.42334064428,1542.30559739075,1015.1130161343,4017.31032450997,0.980943115006163
3304.75909659011,947.228131754041,821.704343866559,2483.05475272355,-0.226714325577072
1849.38306357787,1411.23199608199,1228.95585557735,620.427208000519,-1.18345263196077
2808.09095957625,1213.63869359766,474.781106798539,2333.30985277771,-0.586186257759475
6595.31407016266,2795.99271572171,1274.30492686851,5321.00914329415,1.10007610864622
-355.95849353917,1338.00971245673,659.389395616367,-1015.34788915554,-2.89644218656062
-887.735928638186,656.68862449403,910.066065420605,-1797.80199405879,-6.71131651729504
1471.94003960142,928.098016053689,1081.20636640916,390.733673192264,-2.20619935462558
4660.42467754221,1164.33217906369,1165.13493214089,3495.28974540133,0.979888226409185
4844.98231258596,2248.76262389772,1048.19425941134,3796.78805317462,0.589423274316166
3124.24600986101,1472.45328774794,373.305206661546,2750.94080319947,-0.268438582789869
3719.94455232363,1302.82884624673,1495.75237093039,2224.19218139324,0.153846201097482
1578.16753510253,1299.55782608635,707.037164450103,871.130370652427,-1.49384791471128
2558.96048257516,1262.20572915279,1457.78383619168,1101.17664638349,-0.761008113723204
625.602276868081,1452.49893781006,468.589607915453,157.012668952628,-1.99236428437149
4908.1270617524,2218.79363524457,935.604281667152,3972.52278008525,0.625843591781797
273.730933984538,880.618876597967,904.844502778257,-631.11356879372,-3.68579238524049
248.341631070795,1169.38248515151,436.513870691956,-188.172239621162,-2.79734620119074
3322.02768820561,1702.68734580519,1256.06693800594,2065.96075019967,-0.115982300525851
1724.38516360901,1311.85936112355,534.189573258294,1190.19559035071,-1.36838153024415
3689.80794678304,1808.07297870189,600.151702343382,3089.65624443965,0.0941879366268432
3675.49625339238,1189.83615589715,1650.51811050516,2024.97814288722,0.131099537504316
3567.54588439417,2071.13818912558,537.520046281015,3030.02583811315,0.0231933344660571
5160.71918453695,1443.37475057819,1565.75098833169,3594.96819620526,1.13706430033583
1129.87834523735,543.512733612905,1471.22416710607,-341.345821868725,-4.39664204834053
244.412799644626,1303.33639944981,713.115957148898,-468.703157504272,-2.51285584089132
3101.27824194316,1357.41182074356,470.420921949798,2630.85731999336,-0.308109179037575
1247.93802855725,1033.4953965039,831.497215996005,416.440812561244,-2.19795004677849
334.65378706144,889.460693214948,1074.42039037778,-739.766603316341,-3.58065906777205
2537.06399028443,926.837564891425,1804.47294841868,732.591041865745,-1.05999727522807
2884.83720614166,1444.21532644186,579.951047608958,2304.8861585327,-0.43945806825797
2322.7776470682,1275.26929861425,1160.67611747221,1162.10152959599,-0.938414841383355
336.326505777869,504.127296607303,492.572303843556,-156.245798065688,-6.3142440397352
1716.86555366733,886.339058219668,384.075913625529,1332.7896400418,-2.03380829634415
1258.80540388431,2307.44963250053,1092.3486869779,166.45671690641,-0.979741376765905
5630.78178533922,2175.00886356134,1040.18062779346,4590.60115754576,0.970696044996293
3701.77513463456,1819.05586988955,1643.27483429038,2058.50030034417,0.100198049990224
733.408724262139,560.850620064444,429.124862753535,304.283861508604,-4.96763391126515
4621.13552506235,991.285684245511,1124.79620359943,3496.33932146293,1.11131055246951
1643.73782539024,1093.17370505853,654.479579411518,989.258245978721,-1.71589514967128
2969.23647098459,777.113010131984,866.991855474732,2102.24461550986,-0.708098829242744
3364.83121221641,949.469620331324,1299.95995521961,2064.8712569968,-0.162909974284346
3292.04825869065,1249.82321411146,1231.49196715409,2060.55629153655,-0.181994559222054
1296.82748501,996.364992418195,1013.3186714731,283.508813536904,-2.23079073989127
711.230545151625,1223.81496661995,501.764340608443,209.466204543182,-2.2946922656559
1755.80079048398,1276.95225942596,410.84150921514,1344.95928126884,-1.38118592934494
1064.38841532788,1139.41221542771,922.084044978262,142.304370349619,-2.15472577446336
-762.125217658176,918.102727979414,806.497380380793,-1568.62259803897,-4.66356799824533
3214.88846160278,1170.201052728,1181.86367113942,2033.02479046336,-0.260314944457992
-997.557511502718,648.560293373345,586.324556812268,-1583.88206831499,-6.96476000967702
4105.97461872534,1766.18559234813,825.248541835143,3280.7260768902,0.332051930226251
1034.86967727768,3188.89812383577,852.957024482575,181.9126527951,-0.779153020850357
2650.893818931,4203.66786247272,797.820004193866,1853.07381473714,-0.206632753379903
2801.33459189159,1241.80681917792,1109.77709818434,1691.55749370726,-0.578330446141532
4669.45940707034,1650.02687772106,925.290254920137,3744.1691521502,0.696928116110592
-123.257462220785,925.053451151591,638.259799954562,-761.517262175347,-3.93789866016314
8574.05639576848,3045.3016381235,982.604127100254,7591.45226866823,1.65978537194585
1580.52324937272,994.966104784887,948.996515941051,631.526733431668,-1.94879606948505
1781.19684648161,1134.35514571394,312.335763204505,1468.8610832771,-1.53242345991448
1204.78028913073,1828.68532884232,1238.34862113107,-33.5683320003388,-1.26578857390572
3463.00774161977,1636.956492789,425.712690715711,3037.29505090405,-0.0345162148642832
869.318264514487,1081.38265806309,567.215501453853,302.102763060634,-2.45074303658683
5921.19689190924,2197.19640675118,1085.02997275675,4836.16691915249,1.09306914979534
695.385825920575,697.897574260597,1208.14983339291,-512.764007472337,-4.0466159532362
-1363.19514359541,1721.3529362216,38.7589712396741,-1401.95411483509,-2.83655043919197
3439.67741540187,1628.60030831053,1036.54604632811,2403.13136907376,-0.0490186989644492
1985.42840160102,1601.01870414117,743.311592952315,1242.11680864871,-0.958190480897758
2371.90321164281,1664.28990436416,805.163873174418,1566.7393384684,-0.689546976759425
16578.8208330135,31924.471605178,986.290636836614,15592.5301961769,0.409068996062788
2191.52888235869,1245.11540191265,1096.7591467909,1094.76973556779,-1.06655206356754
3099.4054451574,1642.58731079894,948.604543182178,2150.80090197522,-0.25575738697666
3716.00629369146,2228.79922946293,621.95136518228,3094.05492850918,0.0881627234277421
3167.47531243306,3896.45043525187,873.127065165828,2294.34824726723,-0.0903473499958793
5592.23795000498,3431.2527566566,899.019612862835,4693.21833714214,0.60407344295332
466.01556934502,562.37616765178,349.703894828374,116.311674516646,-5.4296285830413
1337.64869958198,1322.30137129722,543.337701729645,794.310997852337,-1.65004788728752
3192.53086137462,2014.26017696913,353.395725854446,2839.13513552018,-0.162331771244039
-426.26428715439,940.215915709003,920.631925024563,-1346.89621217895,-4.19666749400567
4540.58259788386,2345.5166064236,992.803670023073,3547.77892786079,0.435329816654941
4631.9378618976,1642.19220988591,404.739766966045,4227.19809493156,0.677404612902488
-258.97211758312,917.851616545406,447.05320160391,-706.025319187029,-4.11665821917148
6278.8950865247,1969.66044191406,611.739312453271,5667.15577407143,1.40094492642339
2672.03531892516,1232.68531694629,974.763691986324,1697.27162693883,-0.687502279026599
853.333090636021,2262.30920976155,1200.19900826605,-346.865917630026,-1.1785197980489
2968.27028973924,1074.65064816263,988.781348500159,1979.48894123908,-0.512947156223833
1934.84946189905,1412.6533158781,1064.92328695411,869.926174944946,-1.12176130118966
3499.64465599688,2417.88463354469,833.1883726445,2666.45628335238,-0.00821570532186801
2346.20894820497,1648.68550908394,255.911722570999,2090.29722563397,-0.711658062728596
2281.8218791297,1765.91376830784,418.388466146514,1863.43341298319,-0.70087646788362
1714.01124370044,1470.68986709726,657.592443171636,1056.4188005288,-1.22765382446775
1504.3645192426,1690.83925298664,1497.71564790521,6.64887133738671,-1.19180150380722
1231.2561691426,2082.29146727158,1170.75823450061,60.4979346419914,-1.09891105566698
102.113408074044,637.375651594305,539.416879788682,-437.303471714638,-5.36166680830398
3655.3763675127,1606.93122237807,836.468298747836,2818.90806876486,0.0845506528047158
1863.87363980419,1523.57321741938,752.830111752337,1111.04352805185,-1.08667940924327
2102.89315637816,1191.48337070782,1411.38830107271,691.50485530545,-1.18895165647896
3956.38489210774,1421.53253818239,1056.48090298059,2899.90398912714,0.307327195632106
1697.67760496408,865.005093368492,378.591655948604,1319.08594901548,-2.10615138876202
2624.05795750146,1151.81536339966,759.71233351287,1864.34562398859,-0.777426100224874
3935.36425719969,1706.29986775702,1429.70627125882,2505.65798594087,0.243717403610885
1966.75356203976,1043.13005942753,1589.68762748201,377.065934557743,-1.48855428675955
2081.95849153565,811.218426407236,1404.13120640726,677.827285128392,-1.77208843551471
3086.94147367142,1926.28561003521,1301.26110630767,1785.68036736375,-0.224560577997062
1564.13729383215,1124.42118433797,810.57234549263,753.56494833952,-1.73900315740447
2364.47075528544,1330.85442902178,548.092191371442,1816.37856391399,-0.867892463048648
2483.00661022782,1173.56948251149,769.593748158153,1713.41286206966,-0.883205203327522
4679.0867303691,2119.78458396256,1198.23203795108,3480.85469241802,0.547026077788113
1485.93246321411,1688.15955006937,629.66178271438,856.27068049973,-1.2046117443998
5186.05216411543,1423.74961681126,1271.6185329949,3914.43363112053,1.17053087199391
-311.540251557209,787.18544927933,-150.74059758858,-160.799653968629,-4.86676873754831
4259.22198422482,2139.99892213248,499.176791951084,3760.04519227373,0.345660314557238
2218.02990901628,1446.10615416431,480.748753862813,1737.28115515347,-0.899988822317252
1698.44124337762,3292.90898225978,672.310363764617,1026.130879613,-0.553027141072395
1894.58358557721,1038.38515576256,912.708315997836,981.875269579372,-1.56485836594789
2102.64223060181,1236.10344855887,345.059457000575,1757.58277360123,-1.14623663148778
141.959305193172,1117.26639240583,539.621793462817,-397.662488269646,-3.02304804065774
662.216652597058,607.320354934998,997.645162547366,-335.428509950308,-4.70475360793253
2486.67123143132,1214.93355422054,1097.36547641469,1389.30575501663,-0.850118962167989
2390.68004908556,1211.62355391539,1057.52462904736,1333.1554200382,-0.931666631038124
3082.94775335391,1354.15372784574,702.987291914172,2379.96046143973,-0.322386979644441
2897.71136406587,1526.64201712664,669.538222138394,2228.17314192748,-0.407297789925102
259.599948008909,787.351687015902,922.977306059576,-663.377358050667,-4.14034717826623
3299.80929132981,1796.73105447817,463.755651714876,2836.05363961493,-0.122277617326736
1017.84951897875,1122.22989576373,232.903594023106,784.945924955645,-2.22918652774537
1947.62376267073,1697.82404048667,696.067982635985,1251.55578003475,-0.925823573876982
1782.74412268892,2007.70890136689,582.665654437195,1200.07846825172,-0.86504829448981
3571.72517686319,1260.81607018528,1161.9412749922,2409.78390187099,0.0414143620545391
3622.76506494568,1715.91344112425,1433.82169745953,2188.94336748615,0.0601754021051742
4156.97080591134,1975.04161679435,1204.98177852506,2951.98902738628,0.322758526626714
2771.24614107432,1416.6251716761,965.007793312049,1806.23834776227,-0.528201219020215
4085.40136590729,1322.56167547011,1275.66845170647,2809.73291420082,0.427875760166562
6307.49580997923,2461.73238808203,1526.18129079286,4781.31451918636,1.13253030257405
4146.5507803641,1982.51031971794,409.443964370754,3737.10681599334,0.31628662432635
160.804124375476,694.159014885181,1679.39767718027,-1518.59355280479,-4.83852415260851
124308.341521311,1155386.68730459,758.288393276226,123550.053128035,0.104544074780238
4045.22824545965,2054.06604858201,602.373114690833,3442.85513076881,0.255940631594692
-163.330560968358,1104.89917763646,559.64665293267,-722.977213901027,-3.33319086407037
5544.9227821797,1835.43221772085,1543.71803233845,4001.20474984125,1.10350765284398
4693.2456975386,2006.29768494982,1245.82578980973,3447.41990772887,0.58502605206346
2708.80628740468,918.828967312637,446.222926424014,2262.58336098067,-0.88232198274592
1783.34963193999,872.96761417179,1000.84746108606,782.502170853931,-1.98880190229681
1957.32218576985,890.42609146739,1065.66737675321,891.654809016645,-1.75442646262092
5697.89959221149,1737.09247060294,894.954860492343,4802.94473171914,1.25404395300097
7956.29840862917,2081.0523637316,1064.46856958534,6891.82983904383,2.13199302540618
59.4370300173479,1378.49453924582,706.229349691947,-646.792319674599,-2.51003696795492
3234.58781659366,1323.59695400443,881.493936101076,2353.09388049258,-0.215263012046599
1612.66904316673,1272.19299419772,1220.15378812648,392.515255040252,-1.4988608247164
2626.21732790898,1499.73700846592,629.394974503313,1996.82235340566,-0.59563240134557
1946.92119436051,1378.71165674026,548.664115779349,1398.25707858116,-1.14062145017761
5015.62907283441,1628.30926399794,703.801128830931,4311.82794400348,0.918817955695147
-1004.35099482028,1855.4264337655,376.299087775682,-1380.65008259596,-2.43817819782145
357.760355889825,2755.41465375798,610.448402346988,-252.688046457163,-1.14746755935495
3570.29053689349,1261.15771295284,810.683431809627,2759.60710508386,0.0402655851235573
10424.1530225609,4782.88927984372,809.157037130058,9614.99598543087,1.44361354297087
2891.4902300911,1181.63421865232,776.818775785218,2114.67145430588,-0.531483468948225
4480.02071515645,1803.71537536523,568.26830183991,3911.75241331654,0.532518292312944
2047.38545947492,1057.89601236718,1311.58332048655,735.802138988369,-1.39155815596599
-364.332208000906,1023.37655295174,797.421650847609,-1161.75385884851,-3.79512456138166
4690.76857007228,2851.10683971309,300.459830729281,4390.308739343,0.410808627060005
2895.24800206368,820.565147021424,752.90387971241,2142.34412235127,-0.760769920402646
2650.13527034789,1385.31880849437,650.165225372854,1999.97004497504,-0.627562412326834
3077.92640615439,931.374595399445,507.264530700985,2570.66187545341,-0.474119521484886
1174.06845813268,703.20514415544,838.672724453478,335.395733679198,-3.33535788952822
4266.40660122672,1483.3143176641,489.182449321744,3777.22415190497,0.50353273657775
1934.23323446915,1010.73359691147,391.954212027679,1542.27902244147,-1.5684410353266
2542.84792585616,1199.23805909363,621.079508816343,1921.76841703982,-0.814401569718639
3027.85191320411,1104.99177677914,996.019211000159,2031.83270220395,-0.444942107965133
2622.73638804522,949.873476118537,1513.04041856495,1109.69596948027,-0.944097206785488
3525.18540728964,1203.99842074821,815.317957389467,2709.86744990017,0.00471439459011861
2708.28068604344,1659.50233757669,558.015995614088,2150.26469042935,-0.488838478401614
851.537940615279,928.427690132457,572.294730724035,279.243209891244,-2.87364473441377
6389.35165478328,8297.31445867757,1303.6781534648,5085.67350131848,0.345876052477867
3992.85327378268,1563.92173544567,754.561108563875,3238.2921652188,0.302664755790633
2812.71917771632,999.61816460423,716.505862324856,2096.21331539146,-0.707060086499996
3526.43927898325,1171.96925447814,409.425935409839,3117.01334357341,0.00591312042394827
2702.48533585048,643.677864768798,1135.46611184423,1567.01922400625,-1.26930564575394
2958.93176019741,861.529370998835,1698.32120713502,1260.61055306238,-0.650677205352879
2647.99156959851,1708.94078900192,700.173217444544,1947.81835215396,-0.509975371679697
1752.86379572333,1047.29671752646,606.347399021682,1146.51639670165,-1.68686243197396
2384.63813925895,1569.44453768065,412.01507032728,1972.62306893166,-0.72310369506051
3735.19733333982,1814.13736139123,727.889944920019,3007.3073884198,0.118892898785821
4373.33057886663,1351.29613055425,1246.73156184011,3126.59901702651,0.631853578140614
2085.2393891969,1051.69229631943,918.65569523872,1166.58369395817,-1.36377331988731
1646.36293010459,934.60625771343,1074.10266517112,572.260264933476,-2.00420908600219
5639.42064987843,3255.72765550194,636.93827210847,5002.48237776996,0.651132892718338
1095.82729750953,1066.73891888291,423.442025558385,672.385271951149,-2.27204796153581
1572.68706239431,1219.02626964192,724.150586121339,848.536476272966,-1.5970305724633
3330.81631071592,818.398460795496,959.787057863495,2371.02925285243,-0.230563694791187
1622.7078351004,855.577746224725,680.144827123366,942.563007977033,-2.21698315193175
4025.64568615413,1703.20116142582,1172.84924738634,2852.79643876779,0.29716771804105
2445.18787770132,1006.5690137587,786.579901057729,1658.60797664359,-1.067310230359
1712.98113375863,894.308822855237,1243.52762282058,469.453510938047,-2.02002720282024
15.5572955813318,715.149175822041,647.604679873508,-632.047384292176,-4.89960990871498
1205.95227326042,1526.017761007,520.830826351562,685.121446908856,-1.51607475974673
2988.93317337399,1820.91029667277,823.124644017623,2165.80852935637,-0.291379598019653
2051.31330150359,1229.95932411569,566.759943663866,1484.55335783972,-1.19369474531229
552.198099119034,1015.60260870212,774.513059330822,-222.314960211788,-2.9217246579559
2550.8802929374,2155.19877713878,772.066988856672,1778.81330408073,-0.449438353893692
1068.56547310076,1330.94202773569,305.134975799101,763.430497301654,-1.84151056880918
5332.2144873839,2954.6718490387,1567.41030445775,3764.80418292616,0.613504746500127
2799.85398026157,1695.10438905854,214.856023084391,2584.99795717718,-0.424549253740344
2908.95555936335,1656.29773283139,646.142029644599,2262.81352971875,-0.368625587164985
5449.21522540742,2353.29566698918,1109.98505811537,4339.23016729206,0.820001485078137
4692.80907137823,1691.93427675962,844.414180424304,3848.39489095392,0.693466527539689
4400.66605974529,1953.38728571356,1408.3135851484,2992.35247459689,0.45109169212958
2678.36962681156,1406.22626449312,480.888778490104,2197.48084832146,-0.59815385196207
3729.70051025281,1825.96875026066,1240.28813046482,2489.412379788,0.115112170772065
4412.39069436411,1110.90422572506,917.280517715206,3495.1101766489,0.803742924042792
3858.94950405874,1144.12625237366,901.268900293947,2957.6806037648,0.296680737555117
3654.99936301827,1833.77836951336,1601.26065692543,2053.73870609284,0.0738857441130559
1014.45562677808,1107.9123822123,644.446055424615,370.009571353464,-2.26105755029847
13301.8660645306,10349.8896550637,715.0887466946,12586.777317836,0.945165321264674
1217.85784489789,1261.84544616775,244.211189029387,973.646655868499,-1.82403593541557
2476.21645751836,1561.36729764613,376.98713279712,2099.22932472124,-0.668191800675493
956.84390307653,1270.74410505926,800.396749918745,156.447153157785,-2.01666517308165
2732.28537737919,1837.95534155654,848.832327550133,1883.45304982906,-0.42831503490312
1141.13546884827,1308.45620007669,1072.23328480679,68.9021840414771,-1.81769463483813
1860.39807936343,1100.44813583533,560.372021069333,1300.02605829409,-1.50766869446831
2973.25962574493,875.548785284298,701.726218827859,2271.53340691707,-0.623894027476783
2572.21898228005,1573.86651066376,829.423205614023,1742.79577666603,-0.60188732332121
2338.41682251494,1310.70519780349,704.435216251929,1633.98160626301,-0.901112212809346
6902.20676448385,1313.9914127355,1639.64958265355,5262.5571818303,2.57436802710401
1939.83954129673,1583.02259294813,1047.9858256635,891.853715633238,-0.997881994475982
5252.13641732641,1673.50170231512,752.935155178917,4499.2012621475,1.035330368222
699.828393503187,1456.15034664358,1184.23881079638,-484.410417293196,-1.93639406579446
2830.50180949225,1927.68599478937,1245.62005038012,1584.88175911213,-0.357427234528092
3460.95641374772,1426.68699831695,1036.96421298475,2423.99220076297,-0.0410411463549543
1147.92424961873,937.662508568928,1176.8877863006,-28.96353668187,-2.52925227611923
2623.98378569623,728.016497931229,581.247347510428,2042.7364381858,-1.23008956596024
5910.56394230515,1837.48177354159,1193.27955659128,4717.28438571387,1.30126714348205
4231.2579011982,1176.30332996701,1286.37987729163,2944.87802390657,0.605072347767481
2179.49885578558,1138.52650250196,657.476307985454,1522.02254780013,-1.17696902524276
3535.05144209465,1776.97341345325,769.616356686157,2765.43508540849,0.00874642148758574
4364.48282911981,1279.68344904607,1001.68061864041,3362.8022104794,0.660298877899322
4825.2782256201,2884.04812696694,923.752669836489,3901.52555578361,0.452755600630347
875.336032563479,1345.46123968048,690.623627210476,184.712405353004,-1.96525412483291
3533.30022932281,1330.54405493374,1244.71636983924,2288.58385948357,0.0103648921832557
4778.43538936153,1688.46743810781,1203.42498272024,3575.01040664129,0.745602833255697
3281.28133647434,1441.54876347031,1204.95492656118,2076.32640991316,-0.165258334099302
1574.15726483391,1252.26385526854,734.377489343946,839.779775489962,-1.55346815340069
2838.99202061447,792.96803039514,1138.96421041824,1700.02781019623,-0.858190036608131
2770.25073239598,1233.84228820495,1157.6432542779,1612.60747811808,-0.607256339335256
4035.21342850279,1845.56755389713,1123.91657928544,2911.29684921735,0.279428484622778
1865.01274159487,2035.75239273768,1475.23637760885,389.77636398602,-0.812719929965802
2159.461025394,922.782551397262,1267.14263747045,892.318387923554,-1.47385562957925
2764.93835960171,2293.25949213567,715.794814274338,2049.14354532737,-0.329038613656377
994.724844042256,1181.38268603305,531.322645619411,463.402198422845,-2.13714359407453
1109.07686601334,851.246862255554,1059.9170338235,49.1598321898362,-2.83164910734364
4543.12226901767,3492.78911328299,1345.87373518788,3197.24853382979,0.29306464036908
4298.15408074745,950.368631026881,1370.96028021842,2927.19380052903,0.819308183875733
10166.7966468763,4793.71790561842,814.881142183758,9351.91550469252,1.38666636087139
2528.28834603161,2145.3301598847,886.968436355174,1641.31990967644,-0.462036546239585
4057.36895302116,1380.45999208987,567.987043748721,3489.38190927244,0.389623511333019
1553.52681897944,1226.78700210051,1069.75088487246,483.775934106978,-1.6025458871856
1278.66543305765,1327.31671646412,527.287077853924,751.378355203724,-1.68825105778835
4580.67915527328,3312.46328921892,772.179618255105,3808.49953701817,0.320356719145753
4172.81222654105,1907.10907959208,1272.06361618418,2900.74861035687,0.342561917345825
3511.16137088579,1767.95760749977,1280.59379840877,2230.56757247702,-0.00472178333188023
2875.98706470425,1400.72623869733,700.477674932862,2175.50938977138,-0.459420407190044
3445.18356375627,933.00488339933,1148.05900007455,2297.12456368172,-0.0796627340483819
4658.0530668629,1734.27031396997,953.918486091138,3704.13458077177,0.65649730266574
1640.95956296702,848.195229326026,1115.89663714502,525.062925822,-2.21476100752657
2167.28701886569,1121.38442254342,688.593370759947,1478.69364810574,-1.20585076589139
4669.23872248715,2679.7813520832,873.411700814789,3795.82702167236,0.429038525081541
4593.5992156752,1440.42773161338,1590.99910256121,3002.60011311399,0.745674294137476
791.149894557251,919.155749408048,1351.54028157318,-560.390387015926,-2.96833196207303
1849.46468343969,2318.78464563205,756.562940338536,1092.90174310116,-0.720224106777041
8433.28676306853,6964.53788800438,666.517268423057,7766.76949464547,0.705542500943758
6375.9029521789,1787.73785950613,1504.24356892782,4871.65938325107,1.59776985945782
799.284843928111,1237.718436707,1272.67310575911,-473.388261830995,-2.19777322454492
2740.55867635294,1872.18288354143,675.76111497505,2064.79756137789,-0.416065446459992
-1422.31587561557,1714.65740490862,721.344761484938,-2143.6606371005,-2.88210644593885
4075.29256657424,1383.67701218621,1262.14025954494,2813.1523070293,0.401671255669519
4305.20415720729,1163.09254043848,1162.6890957912,3142.51506141609,0.675522235971634
4203.88730122129,2104.16402604441,763.914122075559,3439.97317914573,0.325249367017973
5506.62325255474,1367.02167953275,1427.94862838849,4078.67462416625,1.45360823362039
4435.85130195753,1784.02390350153,1125.09241560712,3310.75888635042,0.513637746955442
2898.84466368108,1230.3620471274,637.482894189651,2261.36176949142,-0.504456896582907
3851.79946626957,1407.54841678683,882.489228082554,2969.31023818701,0.236077266443004
2900.19943995105,1819.19138451962,1156.06018346535,1744.1392564857,-0.340431385596542
751.872483631082,1435.39684276454,1439.92155113443,-688.049067503345,-1.92813354297678
6411.82811365744,1993.57147704585,1362.19044752399,5049.63766613345,1.45082273864343
4068.12536212735,1585.0722826527,828.03813760964,3240.08722451771,0.346114233706021
2980.59624644233,1390.42525839174,1420.95437812351,1559.64186831881,-0.387588641642897
1987.31773378112,1110.97758609034,968.261666254797,1019.05606752632,-1.37913812938315
2031.95608169945,1394.77663050926,832.233548406028,1199.72253329342,-1.06651715365045
1831.41583028783,1408.41349509273,1024.34564191632,807.070188371502,-1.19857801650032
4724.33833939369,1646.04636716856,813.543548707464,3910.79479068623,0.731953291095814
1416.24276915205,1942.74578281054,1316.56846064939,99.6743085026653,-1.08262570075099
2615.41183069939,1420.51994819751,420.873871565137,2194.53795913425,-0.636455302226602
12901.2859184185,10764.6458789586,1411.28120065807,11490.0047177604,0.871536020809426
3096.35983528903,1351.92262448779,642.047297841785,2454.31253744725,-0.31299827423159
1988.63732670326,882.3950193253,1557.31241553509,431.324911168174,-1.73490548271185
1888.9389441372,1749.42847988403,669.265286545946,1219.67365759126,-0.932058874232596
2300.60190975181,1411.16976605974,142.778946223477,2157.82296352833,-0.863756723827755
923.828158821151,7387.80690783119,724.688536559094,199.139622262057,-0.351346638753612
3021.39315875676,1133.18289242367,970.935178559695,2050.45798019707,-0.439572577579435
3629.82428823443,1201.2440038286,704.50280573062,2925.32148250381,0.0918339689808905
504.565982286962,1220.6586048142,530.607545584349,-26.041563297387,-2.46993163319428
2196.23143543851,2480.18233256297,1482.02115702801,714.210278410503,-0.533540550965217
3198.66294814563,1829.85650251023,1167.31605566816,2031.34689247747,-0.175339615463058
6651.5349843413,2559.97542496464,1169.15392140331,5482.38106293799,1.2234592840813
1162.3888090595,1117.07117847587,654.25279374353,508.136015315966,-2.11008977763163
2077.26318115278,958.223221179401,420.029094841517,1657.23408631126,-1.50512539314214
3098.54100135538,1666.88280917937,660.127310196291,2438.41369115909,-0.252548217531995
2849.75913820613,1084.02620651203,1062.52607603765,1787.23306216848,-0.617835751035221
3388.40496588451,2002.2362132915,1203.94558542937,2184.45938045514,-0.0654789464367554
4453.63468611316,1543.97265329726,873.819384643785,3579.81530146937,0.605014214772468
1962.95600852854,760.544510628666,1299.35072629109,663.605282237454,-2.04663008327174
2906.03372708534,1311.86489355999,1092.24342272054,1813.7903043648,-0.467636232644528
4689.97583232066,1618.05599390152,1044.81480735901,3645.16102496164,0.723378271879223
2791.97893122799,1088.11881604259,828.862304943046,1963.11662628494,-0.66861296918506
5991.47495789672,1473.81014550768,1112.07611605734,4879.39884183938,1.67726194705822
3983.07548737165,1704.4471230819,835.587215808196,3147.48827156346,0.271974529127721
2314.64294092067,1404.44300979488,1248.66481896565,1065.97812195503,-0.857896215314318
2832.30061449345,1652.264581546,627.582338004866,2204.71827648859,-0.415919264281447
-148.748888098041,1057.47974690501,676.715934478216,-825.464822576258,-3.46886848895451
1931.57293842422,1137.17554119136,962.732017371457,968.840921052761,-1.39638629895306
6886.32437952059,3960.62592612688,716.555761154088,6169.7686183665,0.850071468164292
6277.13563362286,2992.13420776078,912.48063878814,5364.65499483472,0.921625220827988
2376.36235919979,942.775605701665,358.46614047259,2017.8962187272,-1.21253341466952
4194.80968500119,1392.09362264853,716.926986683687,3477.88269831751,0.485096972190739
1902.57350317121,1406.20755645669,790.57383146409,1111.99967170713,-1.1498557044818
2306.14351605074,935.543717463443,848.943819975836,1457.1996960749,-1.29696319364683
1464.11952425002,1231.64543787856,615.931073970308,848.18845027971,-1.66881611881632
1307.76268096942,984.989348096911,1057.57848462286,250.184196346568,-2.24545230560333
4158.25000953384,876.195413519297,1442.45794108292,2715.79206845092,0.728993459712301
3152.815279379,1294.24380531318,396.77570140742,2756.03957797158,-0.283326837466005
2760.67712639838,1074.45431885143,1253.33510968219,1507.34201671619,-0.706248878092042
4166.39694580369,2444.12050268893,761.127872953556,3405.26907285014,0.264670936414
1018.29252629309,1233.05885414801,728.615727078667,289.676799214418,-2.02846502333703
2071.51874395183,1452.01654939679,1162.88132901139,908.637414940435,-0.997227297648962
-652.951858365276,1411.64993749038,687.586490333969,-1340.53834869925,-2.9557335931537
3114.85323894633,1743.21376745939,779.019086638218,2335.83415230811,-0.232132198733026
3506.86832289294,1215.54171720014,545.88642988666,2960.98189300628,-0.0103994462522665
3315.37158860435,1342.01969879005,1204.11052977807,2111.26105882628,-0.152112294050567
876.80499841953,1256.01618941105,757.712719289974,119.092279129556,-2.10403680104474
5407.24520486753,2107.26419448622,1058.3793750468,4348.86582982073,0.8958230895578
4182.63368418843,1873.31429168403,501.219986349395,3681.41369783903,0.353984594834834
4009.69189707995,1217.71410005248,1263.63734335333,2746.05455372662,0.4025432680877
4634.36693645035,2237.13867048831,1098.31421979238,3536.05271665797,0.498340879583764
1950.66925687921,1278.90256173997,1231.48636007137,719.182896807845,-1.22670801803283
1597.45635217309,615.829702416238,991.353706437968,606.102645735117,-3.12107864225126
-58.4670256088671,501.940194547478,578.449959011433,-636.9169846203,-7.12829207169378
5571.13002394693,2100.43560504937,1075.21631014863,4495.9137137983,0.976759647078232
2701.6748286446,1015.22698702629,1086.30641671362,1615.36841193097,-0.805568080296291
4650.03608378395,1880.15934407,789.227926769323,3860.80815701463,0.60129307853681
5284.81356645033,1670.06348267628,986.101446171044,4298.71212027929,1.05702825138903
4807.63540281192,1509.76404733259,1187.7854628889,3619.84993992302,0.853196975672714
2771.67412431399,1120.7227580164,983.308224212379,1788.36590010161,-0.667279355206437
5397.92150040417,2885.46974617247,351.110611402732,5046.81088900144,0.650990092426891
2430.52746723136,1001.78143245496,970.543537577482,1459.98392965388,-1.08704531860641
2108.43103352456,1651.32218287984,887.053019018903,1221.37801450565,-0.854514197624919
-52.251565080827,1423.44010524518,560.340502260016,-612.592067340843,-2.50924561951553
8350.08392306344,3489.7772381646,801.629665043941,7548.4542580195,1.38420715986894
1571.68991357614,561.468004475669,1069.78569710801,501.904216468128,-3.46915470613718
3144.48975784301,1273.97668006947,207.802106077068,2936.68765176594,-0.294369223292923
649.05967953419,556.48377449944,823.918523340166,-174.858843805976,-5.15819101230067
5675.97620506573,2301.78163507835,209.64761708443,5466.3285879813,0.936868592812444
5910.14308948858,2607.33460880957,1240.81497240595,4669.32811708263,0.916887996562787
999.754101087768,1009.16016282072,582.244043549173,417.510057538595,-2.49688332476144
2658.87070827102,1025.49649929684,662.2925149068,1996.57819336422,-0.839240871097515
7162.50575006349,2917.48062197054,420.386846486275,6742.11890357722,1.2486788906089
3225.14875591895,1683.85640029051,748.687191836556,2476.46156408239,-0.174813319994877
2597.0725852528,1191.94457566001,1018.6323545646,1578.44023068821,-0.773892274214824
3690.93490668431,1195.08445407295,1074.48584299626,2616.44906368805,0.143442266738324
2253.52186355916,1205.78735392094,885.506565420934,1368.01529813823,-1.04992593924003
436.52876455143,529.2082496971,969.593536238896,-533.064771687466,-5.82564712636568
3436.36174470609,1549.19764645086,881.120131720693,2555.2416129854,-0.053671356351946
3672.74474927276,2030.03738139073,591.050387363339,3081.69436190943,0.0754840610469115
4058.29010233517,1529.40969833118,831.953114938883,3226.33698739628,0.352280242027171
5231.95652122939,1555.77312671557,876.694879852425,4355.26164137697,1.10070498594884
1644.01648933679,1680.87961759826,355.847683224806,1288.16880611198,-1.11578055601113
-184.18500462214,3456.13596306707,1149.99693964455,-1334.18194426669,-1.07162864188472
6672.02341901459,2651.18113431867,1652.17904598596,5019.84437302863,1.18909798148379
5365.57398385765,2432.30219853493,1134.19604902924,4231.37793482841,0.758978346243839
3381.44180781696,1485.3981254495,313.034980612572,3068.40682720439,-0.0929498115460554
46.4625149118616,546.74473663983,444.029150910653,-397.566635998792,-6.35222716560758
2107.72795064099,1487.87444407952,903.644992070405,1204.08295857058,-0.9488578412144
3609.15327330489,1347.57936062511,1087.64903555125,2521.50423775363,0.0665222340708373
2847.62888840561,1226.81147832393,1158.44420957248,1689.18467883313,-0.547663929718581
4456.81429003553,1966.95287479211,985.193391928612,3471.62089810691,0.476526417281977
13861.6718169186,6882.00423520453,682.311724047907,13179.3600928707,1.50278351768014
1342.90610278606,1557.62047979843,1611.27025838604,-268.364155599984,-1.39738993489863
3550.92817053723,1630.57573329983,1169.29536064595,2381.63280989128,0.0192685848606922
1293.87966323831,870.674303914388,537.916656909042,755.963006329264,-2.55621374192857
3750.96658964073,1391.00053217541,1153.31867894305,2597.64791069768,0.166396274220251
-3306.94868341714,4929.07063152673,509.959099930662,-3816.9077833478,-1.3849381510995
1295.47853823429,527.653096455756,1801.77665737967,-506.298119145375,-4.21494872360813
2199.18182785177,873.777176998637,1062.88553044982,1136.29629740195,-1.51105738459754
4136.38018471563,1282.07185834649,1422.09814917774,2714.28203553788,0.481151580585244
2091.15396462714,2375.53335207857,808.511599287698,1282.64236533945,-0.601277737385339
3484.64982648472,1636.23806758524,633.31984560643,2851.32998087829,-0.0213046364427161
3827.73588243035,2244.4262589963,811.424562622279,3016.31131980807,0.137329795330338
2764.25901129014,1380.67466248618,645.548865832341,2118.7101454578,-0.547015377973428
4475.08046916307,1243.67561874144,1052.83312313645,3422.24734602662,0.768344390703518
-112.965000018067,1319.96308679933,882.476799666183,-995.441799684249,-2.75195141439487
3385.13117482817,1296.15475317116,1126.76468926073,2258.36648556743,-0.103674432772337
3737.14365053861,1186.33179431259,868.210483357696,2868.93316718091,0.183451516627657
2621.88921976463,1413.76452060243,1362.62961101423,1259.25960875041,-0.634914832564356
4088.0342533679,1833.16617171104,817.625331925729,3270.40892144217,0.310132806557793
2484.82645504019,1669.21205319504,636.939162131811,1847.88729290838,-0.619863022572642
4306.65717201948,1915.03749124919,927.046099373182,3379.6110726463,0.4110352366301
1750.06866221972,1295.51489955987,664.335286537479,1085.73337568224,-1.36582035608373
2847.20350873429,1603.78003457066,532.932642471914,2314.27086626237,-0.419200738519013
3778.79918016034,1740.19150046588,992.055865031154,2786.74331512918,0.149000783214127
3882.22916096018,1481.14918356698,1114.77649266813,2767.45266829205,0.24489084646984
-640.768908253638,1907.02996826333,847.192630235485,-1487.96153848912,-2.18154840832975
3155.01648123578,1242.38387633644,1320.68901913276,1834.32746210302,-0.293381787509507
1519.48651795499,1102.0439178751,656.492891395136,862.993626559854,-1.81483036497284
4060.0307004812,1685.22785025331,1425.45126900901,2634.57943147219,0.320740852194912
1009.25553035474,1893.39592816102,916.081504699498,93.1740256552392,-1.32579441835587
398.659608218355,1389.60177193392,1139.60749507591,-740.947886857559,-2.24585902124081
1324.49789428963,1758.43574906728,1029.17724980183,295.3206444878,-1.24827500266814
6325.403552605,2541.22981967049,826.934324311073,5498.46922829393,1.10414817551625
8473.80297293086,2384.42241854634,1568.6226820863,6905.18029084457,2.07777516716308
1860.43542948468,712.969324339703,642.949968482293,1217.48546100239,-2.32699191609706
4295.08607668575,1945.0664157527,1180.93407331284,3114.15200337291,0.39874051947849
3162.90913429276,1134.28918339134,1027.28874644089,2135.62038785187,-0.314382041702466
2192.47527578068,1643.61544987416,926.111542888789,1266.36373289189,-0.807387158577313
2856.35102451855,1362.6095266676,781.509723607317,2074.84130091123,-0.486682535349378
2867.29659353201,1480.53523854474,1014.47208600387,1852.82450752814,-0.440524935264234
1777.91165239949,1483.06427990139,731.468300441605,1046.44335195789,-1.1743237665765
3963.47594852484,1652.86352373089,1065.67055598535,2897.80539253948,0.268604551133386
2092.87359878066,1389.33078297082,885.387999080408,1207.48559970025,-1.02685098635553
167.352563556518,548.46658459934,256.789588971844,-89.4370254153259,-6.11187046616636
1259.31567325471,964.658333342628,760.432801606041,498.882871648668,-2.34299910369495
545.081690415035,1056.08062566368,949.865027677807,-404.783337262772,-2.81647775837575
3959.68939770592,1860.27608939243,390.410166148749,3569.27923155717,0.236620852446333
9140.03612291998,12348.3636763997,1313.18609266587,7826.85003025411,0.455163695090516
38.4600905543644,980.057161703377,875.371733826102,-836.911643271737,-3.55188383812613
2360.40936723468,1823.13423973524,989.606798832905,1370.80256840177,-0.635773214693178
4398.32892610593,1253.83643779794,1616.74330608685,2781.58562001908,0.700904532652614
10513.3845181784,3880.19830948694,967.489067645319,9545.89545053304,1.80245303891563
602.471262206224,764.408738467958,632.391282450335,-29.9200202441107,-3.81607100317627
3613.08656599653,1301.01918542137,1632.59007468412,1980.49649131241,0.0719261355995076
2262.34135150855,1528.43843326549,437.137752103039,1825.20359940551,-0.82251787496202
7022.31581311185,3083.09580923584,443.382288688902,6578.93352442295,1.13613288272468
3138.73958229082,1613.09390949017,1242.1066643109,1896.63291797992,-0.236049308175668
1023.56047274573,1463.58540577011,783.708044018904,239.852428726828,-1.70536601489907
4980.25922050148,1928.65739593681,1584.46426317786,3395.79495732362,0.757392131920659
2861.3620618818,868.200909517701,1210.62362385617,1650.73843802563,-0.758058664246465
3387.47386741736,691.89781831846,1457.98630726338,1929.48756015398,-0.190830802952793
4059.4481020287,1775.92730726853,1624.10081016744,2435.34729186126,0.304032049155657
4054.44884758853,1409.99046523398,820.659835704268,3233.78901188427,0.379392327203723
2898.31806549788,1072.81596385731,604.069354644804,2294.24871085308,-0.579028686259458
6261.02050663522,2638.83006664889,662.893532509329,5598.1269741259,1.03891162134149
1069.25567319154,922.893443157754,1011.69224885294,57.5634243385962,-2.65496913931155
3537.62510861189,1669.98643413437,709.618350313422,2828.00675829847,0.0108478874997145
2098.68863938063,1309.69857197277,863.248747598759,1235.43989178187,-1.08484553214987
2475.12531149167,1209.80234573886,365.104265977506,2110.02104551416,-0.863268265130409
2635.11011697476,1905.76969885011,600.877224566418,2034.23289240834,-0.464064029986006
2446.15793106684,819.43353848517,1300.33906568035,1145.81886538649,-1.30986993108159
231.566159881045,1211.89358587148,230.55289664619,1.01326323485517,-2.71306256762052
4548.20054227539,3138.8032333411,930.898744275052,3617.30179800034,0.327733592122004
1322.8171820284,1312.9741687358,1241.36883275463,81.4483492737602,-1.67306574183029
3391.02392941088,1027.45002432056,615.290968777754,2775.73296063312,-0.125052655794565
5823.28139538262,1906.57215851049,1124.24221500647,4699.03918037615,1.20833198022471
1676.46069123958,1318.15397685372,946.74829929927,729.712391940313,-1.39820432572522
3448.31831346222,1030.62243956233,825.87128958106,2622.44702388116,-0.0690757036266061
2104.26219931179,799.413607704995,943.312734503753,1160.94946480804,-1.77035650969158
6965.68879454315,1906.2000029554,1188.62324675399,5777.06554778916,1.80787929154957
7460.92626922325,3805.38255624054,785.367293518391,6675.55897570486,1.03574789848954
-1.77812369867076,791.376186744462,651.842729428136,-653.620853126807,-4.4495746350832
-171.26179102592,2564.38828016031,1177.00190311047,-1348.26369413639,-1.43924034563266
3664.19447844067,1784.63730445866,423.166610273203,3241.02786816747,0.0810726047420623
743.856276892773,823.599147626404,537.706839754254,206.149437138519,-3.37015041207237
2071.6168292506,1362.70012276562,985.014669984252,1086.60215926634,-1.06251729944754
1409.58595010091,1153.91738767997,690.552976143383,719.032973957529,-1.82848733893298
5180.86743043726,1727.97094348164,1071.71715203214,4109.15027840512,0.961450279621876
5459.58430932467,2989.5684253279,996.79379100791,4462.79051831676,0.648948192401224
2614.47982166763,1542.87599530133,1001.42097437442,1613.05884729321,-0.586586002204262
6355.25074157326,2814.37126411802,990.603077137182,5364.64766443607,1.00759323905817
4990.26771281547,1572.42114869196,727.237969577554,4263.02974323792,0.935346379938092
2552.81010646627,907.24294398848,1185.976010624,1366.83409584228,-1.06553507369505
2001.55023600476,2943.48404958205,1390.32573162777,611.224504376989,-0.51570146876085
615.84360607035,712.310848514321,688.828935599454,-72.9853295291043,-4.07640243530507
4943.81081193854,2788.92508191338,888.513014473392,4055.29779746515,0.510699099637708
6074.17477970881,2833.77923044623,1103.84858113771,4970.32619857111,0.901504770947941
1267.7093486475,1816.52931469431,780.726381463573,486.982967183931,-1.23961662318661
4171.22981572572,1151.58195077481,1065.2648183921,3105.96499733362,0.565935000664846
2575.61190206992,2192.19959480713,328.972925835186,2246.63897623474,-0.430570913257319
5106.07805375099,2039.13349789425,779.657890624606,4326.42016312638,0.778060274984956
1323.16105367317,839.575445965606,617.14382983471,706.017223838455,-2.6160224676999
539.657298004454,1113.18190834114,694.650299193718,-154.993001189263,-2.67687784297938
665.032194428591,1742.37433730614,375.904962672497,289.127231756094,-1.63826855578752
9403.87127520351,10071.2483700321,990.729216233267,8413.14205897024,0.584273346794285
3458.36846072043,1475.55900529862,1200.39669433324,2257.9717663872,-0.0414357017973305
2059.39741006253,1193.26195872096,669.293748668559,1390.10366139397,-1.22363062269319
4096.91635087476,1313.716925339,1605.80992530264,2491.10642557212,0.439521677835889
1570.09313452644,1247.03080072956,411.9546156598,1158.13851886664,-1.56324619085706
3126.23447184149,1098.79595203113,1214.21049507932,1912.02397676216,-0.357914325293878
2744.12201030346,1407.77376863143,975.388093195494,1768.73391710797,-0.55078968696702
1314.22333117445,1301.28792976842,301.859005790053,1012.3643253844,-1.69469484963744
2236.65143022173,1159.99967948763,1160.730472364,1075.92095785773,-1.10591224817688
2388.5205529071,1338.8234533928,547.177110814231,1841.34344209287,-0.844763159679595
1620.73419171302,1002.30298893577,362.168482362212,1258.56570935081,-1.89441228141146
2575.28504774185,1167.99152436195,1167.56546452662,1407.71958321524,-0.808417027188885
3651.9766449332,2503.8686552691,479.68970267231,3172.28694226089,0.0529050759136603
3777.89887023071,1971.06305662284,1008.71155539914,2769.18731483157,0.131091486755919
12.414386733406,1376.36353779875,1239.66831251345,-1227.25392578004,-2.54808762409089
-100.671285447772,800.684505965284,594.645126955619,-695.316412403391,-4.52135709149477
169.23616545482,713.828802603399,885.111099189464,-715.874933734644,-4.6933846126337
2312.23624770621,811.7688903045,859.099562875108,1453.1366848311,-1.48721274042577
3176.0088826449,2424.11806042836,1339.27315169931,1836.73573094559,-0.141701184695088
4719.06608579638,2660.56441927455,839.225992974752,3879.84009282163,0.450865535695282
2699.76850595077,795.267967990953,1548.80272332928,1150.9657826215,-1.03077303587174
5568.12638731817,2322.31002945437,696.403643120895,4871.72274419728,0.882146258547203
-187.853018881112,1102.16790800907,606.173539732902,-794.026558614013,-3.36370010012935
5420.24405654332,1369.26211472148,1400.04842544029,4020.19563110303,1.38814530283093
7081.17407972062,4510.67966784958,919.014219549206,6162.15986017141,0.789607123170033
1892.4362551706,1673.21096929457,289.550446413434,1602.88580875717,-0.972425508998267
3462.57437965959,1258.74174169973,856.898561838636,2605.67581782095,-0.0452316008142262
2271.81811143357,2287.32650666361,665.810524478425,1606.00758695514,-0.545480135249567
592.270456282403,1819.1599252693,341.222217040403,251.048239242,-1.60911571693325
3164.62718288899,1576.83366208714,911.208889379879,2253.41829350911,-0.22505994721703
7835.98876723,2219.45317766766,266.792743697221,7569.19602353278,1.94483917345698
655.804986904132,1185.16794799811,820.979706459442,-165.17471955531,-2.41628564253814
1207.30845927672,1079.29039349407,682.54516685734,524.763292419381,-2.14233429511604
4252.18785060815,2668.16233078871,456.838017540018,3795.34983306813,0.27460044634661
247.738516661562,537.281599632244,549.049469092562,-301.310952431,-6.08948970004972
2247.90687246682,1108.22531924094,534.802596075788,1713.10427639103,-1.14742226973527
382.559069705828,749.575532811217,730.04056712119,-347.481497415362,-4.18496879450917
1658.39211275247,1254.9927372328,532.537200164483,1125.85491258799,-1.48297047120731
1648.76536103894,1176.22468321366,241.772536621938,1406.992824417,-1.59046477200105
1742.25713493422,993.272536665672,1125.44116654559,616.815968388631,-1.78928952841102
2415.2126703424,1725.18397383324,1094.79323035105,1320.41943999135,-0.64010368172635
4843.35781499353,1733.04484848333,999.561186821666,3843.79662817187,0.763885904339836
2000.43299868266,1061.05547499956,695.668476222046,1304.76452246062,-1.4316652811827
4293.60192714562,1460.2539198608,830.479816497036,3463.12211064859,0.530108245537914
-4719.56204339707,4609.08117351005,1077.38561992154,-5796.94766331861,-1.78757349174021
1353.58340643158,1234.41829788088,806.239180530328,547.344225901255,-1.75461258224624
1766.33084981263,1200.89521317896,386.781843701956,1379.54900611067,-1.45989293203592
1572.47911878575,1073.05713786962,499.098480717062,1073.38063806869,-1.81447016766331
2283.58560680115,1380.4939933614,939.241326468588,1344.34428033256,-0.895276388590309
3135.53718012162,1105.22552690914,1225.3086015145,1910.22857860712,-0.347415160234807
2501.2189130607,989.257968847526,630.026866333437,1871.19204672727,-1.02934765516617
772.526133731003,1036.03322120453,624.460954616113,148.06517911489,-2.65144311369052
2719.55566700219,1423.36941322512,907.762851162133,1811.79281584005,-0.562014055672032
8472.90520054333,3383.42124454141,574.066035948324,7898.839164595,1.46401986595268
2237.49229256567,1358.43787733137,663.14238059171,1574.34991197396,-0.943743554619652
7558.67358424994,2851.14030729382,1330.52431052303,6228.14927372691,1.41668380551758
280.236733130842,2157.7205996383,729.047510065001,-448.810776934159,-1.50124745115772
925.927603421591,2162.78178324701,601.908053152942,324.019550268649,-1.1991878701387
3028.40917771874,2379.25468615422,1427.488824425,1600.92035329374,-0.206409220831846
2051.42656868563,1087.8229158698,952.828742301788,1098.59782638385,-1.34956038666355
3429.26493319344,1448.02724545405,1286.46141115723,2142.80352203621,-0.062322273795765
2950.27946680545,1489.05340015962,693.836019093093,2256.44344771236,-0.382276294981689
2667.63179979681,1244.46340684188,1568.0466719102,1099.58512788662,-0.684533975983578
4957.95144182211,1912.50315192163,846.758940673461,4111.19250114865,0.752125379102486
5932.31752578743,1447.43247909895,1580.90904827928,4351.40847750815,1.66695737243722
1408.07095655203,1345.38287774138,729.512221948198,678.558734603832,-1.56939586643246
3025.09516856472,1309.86602391422,966.2855739406,2058.80959462412,-0.377453957929372
-54.1775370715763,931.277132215102,132.634031126737,-186.811568198313,-3.8374042453074
2305.2453272764,1281.28073366458,1125.96020952144,1179.28511775497,-0.947695477242563
3992.14585206861,2377.18391355894,1259.08689836866,2733.05895369995,0.198822045582775
2536.2358659805,1443.90850970221,681.891439296867,1854.34442668363,-0.680980416044953
4604.14792866264,1467.74748394837,686.768483483827,3917.37944517881,0.738981777775906
3003.44927983326,1491.53614064071,988.010606763792,2015.43867306947,-0.345992289260528
150.192274639298,752.832909007762,637.886315980167,-487.69404134087,-4.47551769947177
3110.38206322861,1079.07048825976,973.156904361743,2137.22515886686,-0.379147817377116
3460.36354754559,1476.68554650969,1412.23835767709,2048.1251898685,-0.0400530337975876
4564.28590893339,2125.15094867019,156.087760361904,4408.19814857148,0.491624665974339
2298.89690236934,1685.05810567881,115.494217506242,2183.4026848631,-0.724374059959964
6699.80798968372,2197.49121261937,1666.89026555403,5032.9177241297,1.44724069328337
3504.38510153283,2348.97216221923,726.592617852966,2777.79248367986,-0.00643863829413808
5782.85378234338,1544.13732099079,1241.55654035841,4541.29724198498,1.46576633303751
5072.54998185053,1845.21087336005,1025.06268642067,4047.48729542986,0.841660278846153
2909.54638509079,1282.6946719185,1578.0308485466,1331.51553654419,-0.475532417738397
6712.57446873765,4743.70448613807,655.280345063304,6057.29412367435,0.673116378648794
3422.3080938151,1689.07000442372,468.568336739694,2953.7397570754,-0.0575471647585263
1619.40795037349,1515.19765119003,394.575289446366,1224.83266092712,-1.25402869505673
2557.4983268957,696.132107476309,979.265560842254,1578.23276605344,-1.38193734554242
3504.07173492176,2013.05442678685,565.989770690152,2938.0819642316,-0.00766871899794561
7002.1152066409,2170.89015126299,1306.27372207432,5695.84148456658,1.60422945443205
16025.4305481389,22132.9533944228,1052.15397185824,14973.2765762806,0.565036262518938
4250.56235362498,2100.49176417869,1011.13767496339,3239.4246786616,0.348039008028427
2184.28866405131,850.305150119179,979.310861625159,1204.97780242615,-1.57028405556511
977.31574446994,1340.36323356786,919.777610367136,57.5381341028038,-1.89664523430074
3804.85509631552,1150.11528987912,1371.59103355894,2433.26406275658,0.24810192089278
1880.10261167263,1153.87586542804,1005.33568776371,874.766923908918,-1.42078253050867
-572.227682434029,772.17593061951,525.280290562244,-1097.50797299627,-5.29896983812953
3980.13632381357,1635.75746498661,1252.01106579372,2728.12525801984,0.281598617169681
1427.25672751491,1597.16059197007,943.521555548347,483.735171966564,-1.3099825819974
2630.53511231215,1018.46021006012,1128.72286522169,1501.81224709046,-0.872860974395582
3843.09898979055,1879.14182172784,957.83299506503,2885.26599472552,0.172200789956695
5394.65303018864,3979.73338130546,496.494552772177,4898.15847741646,0.471173208574386
1322.90797997414,838.2605259273,1199.12282073525,123.785159238893,-2.62042794063849
1623.75436576283,1446.13389108727,1235.07617321145,388.67819255138,-1.31091244702122
3866.47617111211,1363.47178495916,812.351712916117,3054.12445819599,0.254473096760229
1651.68761636759,1187.98126656886,1367.96265423641,283.724962131183,-1.5722652535384
2036.13527883554,1117.97386982569,641.312513000363,1394.82276583517,-1.32684139124299
4238.6524101591,2467.98526722039,1019.85907405643,3218.79333610266,0.291388743710246
4401.85905659267,2056.47708805706,882.501750648858,3519.35730594381,0.429058888167801
818.885784514751,1437.95701960953,1464.22695384342,-645.341169328666,-1.87809751077744
5255.97530142308,2829.66891129288,1532.26753805598,3723.7077633671,0.613664026503133
10132.696975785,4898.65377186988,1153.2279591359,8979.4690166491,1.35000104112529
2160.69614570588,1205.92006062231,856.629390296943,1304.06675540893,-1.1267854166397
5334.80018397142,2223.38571012717,1452.44797144352,3882.3522125279,0.816453434981927
5684.28137199426,1918.61922419702,1190.48714117551,4493.79423081875,1.12829688196828
47.3395608366468,1403.6133687614,985.090098922626,-937.750538085979,-2.47373657168545
1116.38872631658,913.530354993235,652.723090407795,463.665635908782,-2.63058643229165
-1103.60200259416,941.711662729354,700.329978956636,-1803.9319815508,-4.90926412957805
3712.37940551322,1706.00572105289,840.749232934552,2871.63017257867,0.113053619624342
4748.63505841497,1640.08328304675,1194.62401688123,3554.01104153374,0.749428878077029
1208.53468992025,895.035778498648,125.265263380149,1083.2694265401,-2.58199130050933
3868.31274698173,1543.67827648606,708.438006882603,3159.87474009912,0.225956061341595
1542.95776595737,1134.55601318485,978.973914517498,563.983851439872,-1.74213656683423
1623.45318233902,1237.33045645474,872.015498069576,751.437684269443,-1.53237648957741
3308.0585046102,1263.9728277775,842.628236354149,2465.43026825605,-0.16729060498077
3653.50887383568,1700.96642178481,1760.71190704529,1892.79696679039,0.0787785040734181
17819.2708027225,9289.63986336213,797.369119323653,17021.9016833989,1.53932356145169
3892.66236642124,1974.72615887864,791.053253623734,3101.6091127975,0.188964470387519
2874.90926603635,1586.4744175801,1246.0702051186,1628.83906091775,-0.406309745980799
597.046045935707,822.925598455585,645.206236123486,-48.1601901877791,-3.55130918663527
2871.85319973077,1245.49990465839,1102.7810876522,1769.07211207857,-0.519996895620169
2341.78468442162,1337.78874774098,795.357150451822,1546.42753396979,-0.880351700681796
3604.50289425804,949.655722036394,314.729397198947,3289.77349705909,0.0894993929246587
1707.75970194996,1806.82177362628,327.078027589436,1380.68167436052,-1.00272733489492
1540.74173470472,1452.41749101488,888.386834038315,652.354900666406,-1.36239584085494
1826.5612392555,1087.34953367445,607.564233149128,1218.99700610637,-1.55694925317337
2946.45038314869,1698.86535458676,580.631695077101,2365.81868807159,-0.337318610302141
5057.99849461807,1895.42794790404,1343.66757469117,3714.33091992691,0.811684354802815
4742.71632582031,1535.39703126189,1503.79869997039,3238.91762584993,0.796671490999724
2525.63507029759,1281.06144721239,821.923288436969,1703.71178186062,-0.775820875347896
6425.02780212763,2450.7806336503,916.423754221953,5508.60404790568,1.18554817945973
