"domlow","buywater","dlbuywater"
226.176397927989,-3203.63100777987,1092.07894129717
-662.162338279359,3218.79099607057,495.898076486799
350.85592485852,610.017968214543,1355.16063992071
-218.474988239887,408.099871143878,1318.65194712342
-698.457497977132,687.558472021144,1698.3160423239
-2107.68954043694,1107.83791703692,3766.59016603544
1041.08492153636,1474.94865576091,-338.851765743915
-1591.16782854577,1031.38448962396,4039.47707317745
-1424.77610724192,237.238610408916,2883.32372339707
-1478.31106082643,-4344.69703859212,4606.34232593385
-11597.5524169388,597.461282505263,16981.5270122672
-2823.75927393939,-354.069388710917,5228.09145920204
-1890.05372663885,713.637462094373,4570.48820655448
-19.0142894466923,-2197.79982478572,2227.89974190313
-1089.83003438606,-871.77679215749,2802.86968472195
-531.769620010037,838.898466983895,2199.70485227225
-1076.21291156288,669.032211088613,4934.74106442355
-256.693429148388,138.706311787347,1140.46615159777
-1743.40477001873,63.5995186142239,3644.60585550685
-751.432750624762,-484.530485980659,2470.55863399469
-885.213502101243,879.516168812701,2163.99297258862
-1161.44576049866,-660.825825096262,3529.80544306118
-1379.58040345712,778.773753899396,2631.98481493984
1090.73765967769,-5867.16143023474,-124.141546792893
-807.6570259167,2533.2968408027,2003.19485362646
-1697.37574468357,1543.4430122795,4499.81027459181
-1490.97529117774,-5476.53393605969,4422.39365071412
-452.313145782061,-1319.08617118713,1199.87954889812
-222.689786443897,1222.0305269201,2214.18535263245
342.871348496248,-838.47942213934,-16.2852337877635
-1038.39171763493,1376.73210134683,1672.91718955423
-5383.24906441273,-84.3365763040405,7938.02400534377
-1269.82872749944,-642.926893321551,3341.32537909092
-1174.81120888443,-766.93153270504,3407.69438379019
-1525.7526782256,112.66707579902,3076.75526147578
-570.817178030589,-2421.29173679934,2778.4245132417
-1865.94933193317,1095.9034452769,3460.37188716823
-1246.4109604242,1120.95454844844,2661.19596906199
-879.843401550653,2885.03522629489,1467.14898472615
-2066.47554431723,1577.67450430136,5044.61599085193
-1012.62484387215,-1813.9871233876,3272.82014023381
-1730.51142599403,520.856720147024,4229.97046939377
-928.661251024191,-789.059787682144,3313.73729705804
-1476.59581420188,3525.44184302196,698.260257069101
-2657.6476932418,-895.200938917966,4856.97696192949
-1016.1838363624,394.022966218897,2289.9833497556
-34.4234726652666,1305.72830182888,1250.25136864087
-1539.00989743716,-1608.06939939447,4418.67796536442
-716.907748640477,929.284192688967,1400.00455754429
-121.557350923505,-392.399726870034,549.62705270546
-304.05315341509,531.447221536293,1745.81653426728
-108.580449640113,-1387.53722911368,1304.98587608814
-710.923656090484,760.703320170412,1597.68105596215
803.145950041872,-3565.24740057787,682.803287711149
-431.016503250572,856.665003354124,1154.35704015489
-400.513959099173,-1429.07799816559,1468.92561929529
439.64773637397,931.971666524051,687.552340371718
431.161404296183,-830.879280813341,-8.67765744319542
755.580938726488,481.032315560922,133.840117099687
540.012751875863,-396.752613866186,576.961119922899
-842.929109979893,1321.72003702978,2830.24200855146
-8050.55980791402,-119.018743696276,13708.6873235487
-5307.63843413408,1201.46550512147,10892.5209243755
210.643854512832,-4204.55034335406,3095.42636868133
-914.833386169783,88.2030369732076,1653.10839578708
-538.673626779607,-2963.51849412157,2468.57338806129
1566.32617346235,-361.701390363363,-1912.06606016586
42.9075576972338,-174.534507890179,1093.27530299981
-834.618812964859,293.303763136569,1971.38322152821
-1178.18386027083,1515.9145761817,2475.26308550389
-2019.73225888299,2869.43340755312,4530.34121572686
180.624063392363,-6167.5557435138,2628.22423247244
-369.731871596042,952.421285394711,552.113057166679
-1459.72915003752,1029.18521801078,2788.6377647671
-2544.88947094647,1780.17567698094,5219.83649440962
-2924.89743505764,1420.68207113221,4932.32938025687
-2983.11851416468,2198.74002906127,5539.29546631505
-43.7976977929357,-861.530921040587,1144.16626868438
320.437149874033,-3296.73311499242,1777.35803597561
-1072.80478282076,1425.08882596371,2443.83237444744
774.228997216702,454.033722579524,-163.039232339539
185.830554547215,-639.818844409789,510.099654382881
-2074.94418708501,-429.42613786223,4633.46875292428
-660.274507362333,5109.72041846743,711.240009930462
-3468.00311140726,97.0238193615286,5894.30491410067
2016.18560484976,-5010.79942759145,-577.47557379646
-1504.68981626761,709.520538627583,3468.85394069031
-3350.98091086995,1378.03477994367,6361.10514269571
-1937.20575063196,-1202.48336134241,4417.55473165818
-2066.26266073595,1171.20724187319,4957.8279436134
-2705.78068389397,-496.976000619773,5917.89482856013
-1849.7828685013,-300.05935668855,4539.5159931944
25.2983505300479,-5039.00600817664,3789.95950799062
-1685.21605049348,316.420017415364,3809.72800290931
-1779.91274475315,326.068044302133,4956.95434602679
-2137.16024501497,-71.2966566531278,4260.22609892309
-1226.84565491429,899.848570297713,2149.48648354007
-1184.67337034331,-1012.34468318388,3671.77581846563
-1592.50036306566,960.8899987124,3319.55183313837
192.413247777802,-334.396316131617,13.1016753953044
-1748.42601691537,1839.6278286607,3274.38646170229
-728.570999889211,41.3723519640628,1848.5107749207
-3319.66322135579,140.780245719849,6315.54489871393
-483.251568547262,1233.26000127517,1062.12622948797
-1318.95921062422,-307.656366783365,3530.03512163978
916.129403380016,-3185.76371148486,-424.116211045158
-803.753542921332,-1424.28172855957,2249.9794602231
-2207.0540503875,-360.450827017777,4228.78221830644
-650.352513405492,-467.966131774697,2396.842445673
-4020.25205421586,142.608238137552,7971.38912073466
-2310.22502823377,2134.59024492156,5102.8097223555
100.363733635624,689.189184478171,283.870933411576
554.90195172934,881.686245919429,-277.127621500272
-27.1289179695692,-2645.45428177453,1827.22768828475
-400.277393886956,1747.130399258,-231.500928129429
-629.278270854639,-128.284636141381,2484.68583754443
215.653030992505,167.817778108226,356.220058525577
696.770208518036,835.534383945263,445.869801571941
-4079.97718587447,1082.31948098182,7434.14650724044
-1759.09470312859,310.274004861478,3655.25327234891
-598.142567770376,-880.053887569907,2286.73637585332
-395.27862850459,4988.997989108,1560.44402352256
-3265.54899849324,2025.90481218697,6680.1713852915
-1255.30682377836,3356.12441576959,3142.04314118297
70.3907594449435,1216.55666381868,1386.39895849071
-1651.67507281604,-158.132749668013,3648.17003598898
256.905502766848,-4718.22916131325,1381.43721952557
-45.8053409694748,-3338.0842688145,92.9486780574548
-1634.81316589515,119.78103184118,3237.70890974105
-1132.94583571634,-1991.66032443111,3504.96260372141
-910.945069238352,-211.748825940781,2531.36958100798
-57.4110126624919,162.120738599714,1119.68392800531
25.3629103886942,1606.57376447329,-546.103464587402
761.837421900287,-626.430405936674,-351.814904570321
-1070.93171010423,923.02931612631,3277.01356353173
330.505684859797,409.046446615,296.764521648117
-882.827150984821,-3516.94384491643,3189.22355562543
-3758.74554134878,-440.303696591922,7134.67837206542
-2292.08885605298,-622.578272173183,4689.36886226289
-264.064291143904,-671.674443303865,2011.7066167116
-2859.09361750793,755.961630478852,4892.14884840593
-1420.94390765162,1118.86774078167,3308.82438537724
-1149.41805780424,-4259.52785723574,3733.13718086055
-49.2870190838328,-872.633145461675,219.57178682365
-983.792088534273,481.753734929398,1908.81261735075
-1914.94722383075,2909.66740486741,2956.98380508639
-1970.77559451199,-253.550289557242,4396.26518256314
-717.405318235652,112.678968325135,1586.89760002953
806.820281286165,-3374.66672880475,-573.356745034513
-1933.82336387251,581.323519091679,4540.03577270006
-3181.73695979513,4856.29565099839,6919.02064667951
-1599.52832994326,-120.680036904927,2984.29420226206
76.6098083526422,-269.719323086024,639.252484196647
-656.186392882813,-4051.98414221509,1472.72807073806
-186.598584691249,-1623.88593926163,1209.1552365362
-570.178295399423,3245.10215611209,1641.60918794598
-558.371077391707,-1373.46790561449,1973.51617848115
-825.48287083112,443.27892928903,2198.6563412918
-1005.23263580775,1863.41980894069,1394.49305641667
-754.95356033793,240.765896113262,1991.25493403947
-958.590148016353,947.174596184792,2730.06961218785
-625.409924800728,-2547.10389390562,2611.90485746328
561.855565928,14.277328896456,167.582842174154
-1603.20930915875,2992.35613383841,3663.06840534242
4186.93224966718,-3370.5430522946,-4106.18564490468
-701.602589344911,874.310340394388,2335.26602205807
-28.9739964872848,453.357960092848,336.019205640977
-935.13804460965,-4991.73406454425,3287.49708212857
-1359.14045078673,1367.30175288423,2215.60348388502
-460.850248453127,1494.40854963469,1733.02043109845
-463.780180610851,-5184.18629413599,4635.11500042249
-1398.00760943371,-2.12680060548924,3223.83879822238
-1684.00871185604,-2081.45336508414,4220.79835286645
-600.497621146153,-727.770210331157,2043.84942139819
-410.096637508718,1102.68682821009,1114.18257285803
-1116.23234313552,-3022.23221277022,3280.8401807555
-547.087682605428,277.41174092064,2053.07129106636
106.93662503573,-372.994050179505,276.131891529426
-3104.9349087306,1344.06646556858,6992.46446979247
-1052.2217188361,1817.04048890695,3086.25551544046
-2254.52862064153,2511.46424891846,4083.04827409221
-373.784446194599,-215.490978054504,1600.19219542352
-2567.61267251851,-1973.6205000384,5142.42782782128
-1834.44261760737,697.329743409788,3881.2483411075
-2642.56253165091,1140.13718225191,4172.9209715712
-292.126254721585,26.0106376282482,1038.53684845223
92.2417719179074,-2628.76808121759,1592.34554796568
-1110.30731606398,634.261690903737,2590.17455673544
-2104.95603754751,48.4999980450639,4092.92456519081
-2328.18641592332,474.019215047626,5687.54765302086
166.557285301395,-2850.14242242549,1113.56223959006
-5155.6195884851,245.06916096098,9197.64561367666
-42.6258800718692,-439.115036479732,906.087203190704
-851.615184736824,1253.14397136186,1744.7243678576
-1314.41249514949,-1028.56140184552,3181.27377226733
-295.018119870633,-1146.51254192559,1385.98528421401
-2221.93423476941,-215.070382036336,4790.4413227579
179.488495628409,-1071.40712169529,903.989145337191
-692.404275688613,-20.1200037009781,2815.05735331795
-636.131252740665,-1104.00331090997,1820.73912320292
-85.209200707766,101.318243528125,386.924603283124
-2734.36614055376,6438.48492827433,4525.03701402964
-1020.25361526698,875.624334486158,2350.49311939931
-627.690533974013,1076.83527131346,296.620531038892
-380.545610652525,-4217.85875831164,2721.33099883451
-1391.20395296525,3403.53654457107,2851.8930463358
-181.4748414208,889.051289046325,1695.54425057988
-819.130729783734,-2551.91664322242,3794.33904235005
-419.46432553432,-2552.28589816228,1904.27844165168
-1122.02462536891,1162.78918673974,2289.92983002803
341.942721505468,-86.0799916239997,445.158975863817
-1330.98554202513,1173.23983093898,2429.16872534878
-1221.98227176626,309.784138623477,2364.19352589033
-1021.15412622313,-385.386881853626,2803.70509208933
-463.751947297733,-1093.0826135267,1791.75502016117
-1778.64713746147,1114.96447729708,5070.53301241172
-26.934802751938,834.104938547146,-140.52152266571
-3363.81956602806,516.174280746684,6987.71173973501
-1603.08083846704,63.2576016248777,3321.21917051125
-408.419721046633,353.575010795261,1417.5218488131
-1527.55342122379,497.664223494646,3291.82761510954
-1478.04655011922,-499.801174202354,3309.59216996297
-1388.45076032347,-1711.84655720426,3741.26980250617
229.593574795167,271.540709466013,630.914792401771
-2347.25596008973,1827.22562648004,3874.4700793148
-1669.48088331424,-1111.09446604206,4454.24686385231
-973.333268249846,424.927025555444,2800.04206610094
-1157.05094175764,-264.751617051171,2849.75073180111
-905.025137150767,71.7420620277868,2310.08738482906
-2557.38121294355,33.0386971222748,5165.64904757114
-1980.71646393003,2144.93785698972,3537.14033047532
-424.29610988486,-602.108541065222,2704.97655650222
82.3672320358597,-609.219002595397,941.445520776392
-675.65300786174,-923.410906569355,2394.16216348125
465.915227314624,-800.420925671436,332.196738519259
-574.778413856587,-704.236285525845,2462.46695320388
-400.635773448797,1552.78639147968,967.853258620232
-1398.42437891163,367.242205322247,2518.72787402891
-2588.81542242471,405.742381908516,6266.45244232954
208.916951374719,-1570.18164178229,1757.85167936486
-2722.69789823005,-348.699679103893,4743.03296544321
-2145.55091460172,652.187015930704,3877.97936779836
-718.81247121431,-2641.59351491879,1868.32100122785
-1445.75383004595,-5842.3428846808,5432.62738520976
235.114828110747,346.861818242815,913.442525385129
-3450.50790595533,2019.03645444697,5010.20805873876
-220.224379620196,1069.78125436207,1208.04293795543
-1421.51780203031,2242.69289577218,3353.5066352819
406.221979787445,559.871701195185,879.749771306186
-1211.45010635434,1236.2792116519,2248.66269345009
-722.191991429889,837.053059907582,2621.23924598791
-1684.99638796005,-451.830268987926,2820.8729571005
-121.525383908788,-5565.59109899683,2909.31138064541
1167.11402121677,499.789887243218,-731.766696178306
-1901.51718600341,2123.07547645127,2695.21309238417
-1414.72159132714,1153.53327336406,1914.32162557142
-216.413616473204,-3733.95205804224,2632.1329884324
440.805184307758,-1584.67701943797,-86.3701147324614
-1665.19133049908,-1089.30338257886,4158.54236074695
-1519.25658084068,1778.38252779175,3017.45305756804
-662.626278880277,102.012627118354,2121.18302876904
89.5702891314043,-2721.06871021275,1940.53840541519
-1398.5260633957,-505.76164777411,3413.9698415257
-2977.45129549861,1007.90410044183,5539.95378237884
-79.6141100787325,1341.18644274609,508.793566557242
-1224.65036355571,2577.73245161204,2082.43775952678
-1892.79982410008,131.271211848492,3835.41991546283
-2058.92826114054,-933.618171436495,5103.17471834951
-3636.58385080541,35.4573462228597,7266.57264570177
62361.2775457278,-21088.2026155983,-82528.6658516775
-465.92710268565,3319.17296672535,1011.98604775922
-219.368463252887,-1933.16187326387,2812.5898206025
-537.606400035218,1105.59981375159,1481.78360214149
-428.451417695021,2280.73622570443,357.890886952453
-1072.8024900828,808.773177266048,2379.16616158174
-1524.30259383142,501.232693544119,2722.1454357129
-1826.21754706368,-33.6597633188149,4566.01906398419
280.240384080832,-986.402624004305,121.719732296393
-2486.42320984482,286.005417309112,3861.27188020063
-1643.40085165557,-1588.36741757555,3803.51046061227
448.654091317952,-9278.34941197021,1080.67180915991
-5275.90119532571,876.327321872717,9171.23970690854
-2670.01599485599,0.19713748477025,4756.8527352101
-267.39636924518,647.735502192438,2051.98868966087
-1614.31953639694,-172.759425646773,3763.69177539351
-2549.10285224673,742.36786441262,5646.01998777462
-1247.55328253198,4854.67843524702,2558.15493503721
84.0032118087136,20.7751513467316,1611.55695964349
-1745.98848066437,-853.148351119929,3060.02479731065
-3017.00441568519,2049.41083407933,5784.71014093371
-416.310205966615,150.673425856443,2548.75298267672
-641.82672098327,201.354056491168,2468.45943815564
-2135.18217512284,876.504963117752,4279.08746847006
-2085.7562475854,-457.981070700137,3799.08306538141
-662.483812076087,-945.663239642061,2777.04557314451
-1232.88147758244,1873.12034897016,2758.93868236653
-1554.8546927383,461.979503673149,3575.1072841867
1983.1496319242,-2755.21204903857,-2648.77863700776
-1308.50474933736,-269.134481831621,4735.21921008276
-652.111259534384,571.159385969274,1275.33572214747
-928.886824933365,-1754.53850271403,2950.00600272157
-1589.55404392726,-1081.59305877355,3858.562987535
-1024.15523871976,353.294263670586,2163.32109796951
-556.091984368056,-8913.28972202759,3718.51969733222
107.461191922988,-857.686719538242,576.213892048342
-513.630971117061,-399.667885185657,2532.0207884088
-3320.6142249009,-663.142478691701,5307.62138062984
-244.424670190199,-396.72959968082,1113.76758862531
-3018.53012695232,1699.18999585568,5008.3450449884
-155.480592476162,-2298.98923826897,1228.94330002035
-1374.47052419393,194.602836347729,2837.70959996097
-1725.00877346902,215.783348163984,3490.41037578709
-498.521683648253,-1385.16947657908,1326.25916518701
543.949987642932,967.367023067164,-401.639043123577
-303.934886875324,496.998835368424,1131.30873670391
-1229.50659452432,155.803687525437,2258.36974017595
133.725273491717,-556.971643896724,1130.10172765105
-796.002059545744,-2027.21221681903,3507.18321650524
-2396.7659743113,1029.54928310297,5049.99626213961
806.042014660325,-1649.53175500825,1111.87420137721
-968.581096681144,918.390158413347,2152.73588227351
-1616.31318988235,-4513.6174087106,3656.57999741863
-2432.91260168189,75.0356664823951,4363.5300522301
-818.790289924652,-387.600292811805,2834.50125411606
-784.188597974168,-4047.2111192663,3035.34391171421
-1176.65242522208,-425.860208250839,3933.61687134789
-1412.09814832898,-196.014080168642,3700.27039811523
-716.314402703802,596.259146941557,2395.06153358583
-575.876735743735,645.86027146346,400.549976828691
379.743167915284,589.136561824054,476.463383237398
-1745.91918756367,570.712969011065,3855.0759395793
-1864.40015915042,-1595.60447129181,4256.92445717487
179.500147887846,781.531627339934,1886.08066336112
-3989.65959603987,-1951.603327843,8231.37339525341
-929.740075764955,-223.83440497604,2136.28108279822
-152.332565577124,2133.01807734462,243.711081176757
-1264.53014189838,491.074368865873,3026.58696771818
-2239.72529983801,-817.410787076752,5221.1842189131
-671.596433215677,-1212.8534676974,2820.10264849654
-1335.27199621067,432.242082174086,3269.47059126212
-437.992487878748,-975.662305936837,2004.02766168108
-480.120975729704,-2006.58395044197,2568.76399838924
114.668156980535,858.814385385153,1102.9170601122
-119.9519860098,-4355.6742974799,1272.55089249644
-841.975746070027,-1849.53793068197,2821.04506084045
391.107773450118,-344.38124117958,76.7188434954672
-1582.06091827108,127.474440584784,2525.03704840136
-3264.84516050256,255.859561946697,5086.05735308588
-1249.67848573118,-195.998211142151,2419.11876718901
-1775.61551640131,-1627.26760156761,4744.86855516197
-541.645690821815,115.119468348793,1952.50549724997
-962.17857616024,4531.69396576852,1834.88305899739
-1432.33161986049,5795.60602300995,4039.82382502681
1495.96308345916,593.561854498197,-1465.89771867088
-1015.80914260807,-2278.25242991837,2815.2941430045
-6051.13122259841,2149.63308767383,9718.13189661782
-230.448676379221,467.354129433176,1616.00138917973
-1781.07178420048,-844.097101004723,4236.1524715277
-564.448187882104,-363.82952597594,1679.62485185008
18.056575202685,848.497475006389,916.105142785481
-1311.59842372729,-1256.53811999525,3714.58134571695
-2261.42928882258,1627.3572475448,5123.73796572174
-211.407813677951,-1169.65323111522,1128.76974439587
-4591.3879130858,1062.96756417919,7326.88738828032
356.847285626784,800.211080641767,-133.157462191378
-1592.14397530441,1591.53475875274,2625.7638159144
-1774.10904169812,-1191.34074586903,4030.43240416684
-547.90182362318,-290.349726331716,1892.75801976253
-2652.46311121171,-871.860795653719,4554.62977315887
19.0758641096775,-1858.09551309747,1034.63938894323
-1383.21065565842,-708.423882558284,2924.55511084563
-124.092309772489,1066.76669821416,173.814561884888
-442.096252296469,3982.23895081913,3112.20449853182
77.291060667106,1220.59815008758,-11.0932648418195
-847.63196618478,-3512.60528678371,3227.23225936878
-428.598443813313,1297.05013407009,1248.63935296974
664.760338862111,-1758.20625796929,-962.125174638417
-215.761550996205,1012.24295207436,627.263939055843
-1156.21877287077,676.53003771272,2312.85879118233
-1903.62816047028,875.365753514759,4742.87305943949
-445.17883618895,2106.59092357407,1033.15103380554
-2048.81127675346,604.641304689895,3396.89485976722
-1602.4932387609,1321.51233229003,3333.84244882498
-126.661010791524,-2359.73314664904,1288.61172820995
-104.37133009368,906.998901276504,493.716760830185
50.2954822986693,709.835697520075,373.367583042466
595.662809584612,-2871.93240354603,-433.621621346299
-1554.37933612805,-1326.49628785179,3929.59277195575
-2006.04026223707,-458.863787165879,4253.4178052116
-1667.81785693497,-3943.99630423511,4596.20902219055
-2676.64988147609,278.227009887476,5851.9839979142
-4620.35287049404,-2323.64729428238,8674.01777824269
-1436.13639731565,-2019.31328178128,4579.47752612069
-1377.34210983555,-38.9786259653897,3811.24515479474
-958.903610737397,-5644.6122238295,4733.12461401479
-821.616863090255,1097.30633002975,3112.61428685707
586.648207991224,3050.70941061145,-17.5951446786756
-2018.85306608793,2954.63671756158,5257.43011236609
-1544.29273812746,-1104.65245102351,4551.09420467953
-1805.08882171766,1771.77713964968,4327.25273008625
-831.850546286573,1283.15841848631,1978.53781420387
-1796.77859181658,1817.7017350879,4208.70009250296
-446.122049222677,-740.921473314355,1907.76464016889
-117.165356279977,1443.05305400668,1278.06499761902
-2641.83162267475,-146.249865031008,5181.42527829035
-1727.26218325766,-2202.23234761243,4202.01144974519
222.318458997702,1132.42011707408,-288.366972228241
-533.782101068802,-4182.42062587778,3510.66721211423
699.048055124411,-5755.80001460968,626.982314626401
9.10041836228871,-5010.77226295069,2324.23046624784
-2083.12887622052,350.953592421815,3755.89975394699
664.582054809402,-249.038004531097,-413.782829964246
-1010.3204457257,803.574014233827,2486.0722215006
-1596.36591334391,-350.599767363403,3592.40088793978
-253.9995621868,598.311383425968,868.582802681148
-652.316611225988,-3343.07451562898,3812.53855437686
1315.38123276024,-1129.25300196347,1100.9200719622
-592.284292942448,756.188256543852,1337.99745039588
644.73967919886,-7653.17206144576,-44.9263998529473
-1059.0446929722,-1368.6645116038,3260.48486323388
-1068.40497196192,2450.98881128988,1031.12789217679
-986.101293381765,16.2761736790022,3049.96901624852
-2392.62361412649,230.396173740727,4891.87877621029
-312.145648672629,-824.577693666534,1918.07777061158
-220.940117548214,-5104.98976422026,2026.26460975801
-196.16127924811,77.336302183253,1754.11037022555
336.163008667391,3537.02436330274,929.222690448633
0.183145195722531,-1308.65931313339,1513.84442466325
282.178615112867,-885.562142013013,519.528638742023
187.896842609812,-1749.59399790324,1087.59175694761
-995.707057215797,885.291838078581,2210.75439507319
-2998.40089608938,1167.15872306508,4476.21808656367
-584.331421553424,915.693655876976,1611.58289298455
-267.103230904718,369.627302433764,1528.39581581185
-1030.45213440236,-2237.7199723832,4363.94701065355
-1010.19789071841,749.48868379515,3098.16231332412
-2635.49622985686,-906.589065800625,5027.50611339742
-3251.34979354121,-382.135151205586,5521.24686517624
-3834.80452245751,-536.041991326284,7030.75621337593
-1221.77553521275,-1679.17088662847,4169.66482722098
-1655.22244514593,818.069726456037,2969.76982224766
-430.724268295779,48.1939843711346,1245.89289613634
-677.963431403665,667.32454643104,4271.45773497481
-358.197169241083,-76.4727108246686,1710.15488733832
-2269.9609495766,647.559344862255,5427.0620309752
-2272.7490290788,-4400.08210201864,5884.9492221
-1569.65302865331,1199.51213756181,2945.61112258594
-2100.22700123084,1071.79427526482,3663.76327642173
-1606.8751710729,-252.713727731761,4646.46573818489
-1065.66736036339,-313.074672491443,3554.81407257853
-4.86067898398421,-344.854057236457,1398.42456702429
-5886.26275123043,1918.62592156141,9291.65392727085
-1447.61067737056,291.059327775781,3265.4000680036
-812.238433929202,1196.79343527008,2244.30675826214
531.513696022582,-1088.76697493404,223.176520633854
130.296986515913,767.296252259433,879.1379365053
-781.333969677365,-1373.88230598708,4058.10695347435
-2040.48181707678,1606.02128093992,3652.55812326903
-1690.72931479552,-329.956957763502,4148.02642300965
-5757.22987569302,3753.3104164647,9701.47942145115
-1727.06347663666,1557.44472212675,4205.64984913764
-3331.62775656518,371.83533564375,6431.20019800196
-4405.60980683024,-419.399704412207,7494.16850910319
-510.498304548777,-1050.26667786323,2180.79918616874
882.507599272284,-1155.57934789702,585.667511966385
-1324.90572325736,-1207.101002199,4027.70833263649
-144.477599936475,-2671.50307185072,2011.71602054446
-2377.70586282618,1968.76462161734,5144.17432413905
-7527.21185198183,6113.81232016854,12582.383106623
-1415.72809138479,-909.855947198676,4182.19036473022
-1584.44287377669,-395.736748203266,3658.96900469436
-2073.196383022,343.38407559305,4160.6649606945
305.252440752039,343.889794067712,360.586026910458
-923.310934314847,-614.692330276164,2554.03416422571
-107.868178384069,-1877.10419166559,1740.92803267157
-782.865305250053,44.225498778792,1553.2376332402
84.0081685741762,-2420.71409975635,1775.084582965
-5470.75337787233,0.779310482033374,9605.05325559873
717.041297962397,-956.125054768941,855.593197708116
-1968.1416379601,-124.59833402651,3518.09666008827
-422.396410375753,-1291.77822274861,2069.09235422465
-1656.37563250581,-112.781796813659,3941.55754885418
-821.883574401317,658.577462318387,2646.14328243602
-1234.18297120418,-142.907165498894,3237.0289865283
-1157.86953737334,-439.101513950855,2244.92791219949
-95.9873621345913,-824.24544357026,1185.9278299687
-3136.1999598419,-1193.90749153522,6541.51955174957
798.117636260105,-1207.69280948598,-337.966833834248
-1868.53455700763,2308.81537432211,3804.97801117963
-539.988119868712,-2198.71473447535,2339.17253664383
-1051.46710059243,-734.107705806231,2708.57749550252
883.611734735514,615.195765254107,-1065.66355544517
-465.77942566496,-877.138656367402,1674.92940391476
-168.177431079267,-2062.65188741303,1689.70266967932
-1118.78512273286,86.2993558331234,2993.73145254773
-557.165751687996,794.941558454695,1130.55899787943
-9393.26474229364,1905.70779023037,13783.8990560012
-1999.7166238355,-1151.04131886313,4878.25003712978
-1077.43218567626,-4303.29182747953,3272.06935840786
-593.421487775181,-694.527038676359,1985.24987316836
-2281.5333525945,106.177423646879,4834.13200923679
-238.649102198912,1211.67001986321,1109.27211428156
-2172.215548925,4063.90123127902,4210.26912105772
587.337807851835,1676.88586573435,-574.850407506136
-3895.7297236544,3441.67010288746,5466.80596090319
-615.341572531992,-137.256965454062,2478.84589605235
624.854055136419,130.319708792159,161.147412293425
-81.3280729436242,-1437.90814733266,591.998364133786
-1637.48455554936,531.958419607818,3034.74470415232
-2728.53451797777,2629.24763066068,4254.78779282667
-13.2240993088812,-262.979376640794,864.840557012201
-287.336939339522,-50.3226942453328,478.388259580452
-1830.8580351525,-7.54822691234808,4656.00120156124
-815.394078262267,149.212651310463,2382.20358745866
-2691.66554455966,-866.763670989814,5159.76005658765
-133.612771337771,735.201673097543,996.43778075114
-1387.28524764277,-0.468038009132288,2841.20788907814
-155.243945595039,284.132298468717,1605.91264393264
-1035.48287432965,-296.106048124376,3848.58311978563
-2108.19692885048,-672.142714658428,4405.63939104823
-926.909060040651,-1748.13639201868,3264.64811159373
-1164.91858969248,728.383474499348,1972.21131526105
-3087.35195873697,592.434722809648,4934.51984318805
67.9428523566035,797.083806187145,392.429629240157
-1010.05815687951,1039.58253654213,2285.70235208526
-7771.08946240795,2272.74713901498,13863.2796982344
-1215.29479881766,275.389956951033,3333.41207523382
-1403.82042613198,-1631.85501211932,3852.18324932358
-5513.81688419754,-557.396440589561,10981.0694609812
-1718.97313204004,2336.0310231613,4067.3101173527
-7681.05173758419,612.821228121475,11528.9251510363
-4283.01095810906,1069.12413804112,6557.4728479978
-574.199425423292,-741.170821251388,1535.96054777251
-313.887473138714,-589.192475428239,2495.41000084972
1814.28264192682,-4964.6028712255,-1243.50878864731
-2681.80663328193,-485.230888738608,5553.49066285066
-572.125250548484,836.547076986866,2595.97661568368
101.171945239032,580.157337178907,644.428422155454
-823.027049642567,33.5580646416432,1943.46616264934
-431.939496947356,-287.765589548844,1914.40386344852
-1436.59197943657,131.391120315289,3896.98943232511
-321.204924323848,51.6669719237869,2376.37967072817
546.904152549371,-752.527161665449,722.711776837511
-1394.94699220546,305.404856665633,4407.03464969602
-1436.81483575206,2096.94630868957,3225.64345758455
284.333312845437,-3272.58347096471,1157.17843024575
-1965.39349429216,-1831.98484194292,5544.43455738936
-1013.44750708985,728.331944893068,2351.04123370334
-324.020666140276,-490.686818565299,1711.37290740197
529.068837098967,-1420.58749921816,333.705708640095
-1487.14771357968,10.9127375505333,2848.95819069466
-191.73869969833,2694.62189458664,2062.42853569994
1066.78329365526,-2306.857935893,-650.171086680615
1025.59382765343,-776.988776199213,1083.6866257743
-1657.04548773649,744.799585784674,4192.08540167449
-2473.40416046853,-411.154755366608,4922.25205162912
39.9837411342086,935.315755079893,267.48091530091
-6703.44201662943,2117.02285377319,11554.7112724934
-3148.1357502993,-1385.76042263525,6636.37917147279
-1543.54689308635,1715.23955574447,3490.28420622018
277.689825343779,-451.947064309428,596.775146267512
-620.290809666769,1102.66877617676,1682.51911196528
602.379726234208,-3563.41603441399,-1112.8587021574
-2204.67337125918,240.087198376462,5203.86067610053
219.820509962717,711.382239517513,319.271215556899
-962.048178861576,828.148488532366,2608.42727318296
-1642.47341802812,-2084.97567569644,4636.32814724012
-1428.80861920914,603.934991941173,2837.39817134176
-2289.49454617743,832.446552229541,3872.96001917698
-308.485430074015,-355.863377792293,945.375507779294
-1553.86000091642,-1515.66659481027,3760.99245809923
-942.966615017052,2590.82931788336,1640.77351507993
-860.530560385886,509.608632533037,2007.30508246698
-1230.35864862687,1156.79226380071,2478.44093627573
-1086.16727348037,-746.392353218369,3120.85638706656
-1253.20106798529,-1703.57768852168,4151.74139124172
116.813441099057,513.7944166507,-351.701343780887
-547.985549998058,690.393820982461,1600.26974460834
-1298.30471873528,-207.413253602479,2555.67965267517
-1744.38064256452,-380.033161997628,3456.99806801255
-5996.98611879711,7063.25118357082,7996.80536290092
-241.908880935687,6129.19744476754,277.497429659864
-1252.37839282431,-339.737593764864,3504.29779796176
-1083.84907615799,-746.49792106682,3089.87717691151
-573.534884218883,-741.500213483644,1930.56378794873
-2562.70034109433,1926.18706616827,3568.03277467187
596.651798500137,-3470.05929666573,1121.89800380656
-1545.62115111962,885.905410046323,3626.16493954955
233.985085114264,-211.731049742765,773.889270215151
-984.212808695612,-2515.27815692513,3570.19061002704
-734.971064976996,-155.054214922487,1913.1737728734
-1503.11655540217,-87.4029145537122,3104.99401169445
139.810589066003,1388.97784467478,897.943157615851
-1071.74609368696,-415.508248384577,3625.29702377023
1532.53204026626,1161.13508339911,-1946.72827703313
-771.309457023701,1275.35821374138,1312.40476977721
592.884190211361,1267.69229762459,-1180.55592365787
-1771.97297474961,-598.366278219817,4205.52872838157
-886.59319938587,-4820.21432961221,4983.08856761806
-2472.63109471297,1620.53817258838,4888.70181698693
-997.180125554248,300.300989489521,2645.15150949488
-621.010224365551,-3056.01130390192,3027.92379227955
-2312.95726506884,-784.438004826636,4790.95627344272
-1322.87946899991,1232.74065661841,3201.9201944262
89.7895661901122,-24.9702457354232,760.945981664553
-2244.39796897116,-118.301970011046,4434.88091637067
-1195.91260473355,815.791903510803,2960.51957283548
246.727913254367,-3.57720086003605,727.451159504148
-8480.42888938075,-1453.36844446243,13466.7960594025
1295.8115631481,-2273.48598750933,-594.206029993551
-680.052863244417,196.184737051319,1739.42357229028
-695.316758089357,1594.55146606199,1469.94026947348
-1174.98118142848,-260.248059088042,2847.66992259253
-832.986189625895,317.650211258502,2198.05182232989
-249.207704555286,444.723012719201,2730.36928117384
-6616.31947918536,5110.71159134969,9783.22972570254
-2105.23076446484,-794.712506478878,5369.4323466951
-822.299384897669,-771.633963708444,2441.15421738989
-47.4042035769457,-254.330745746262,335.563747796582
-2030.27812175913,947.470566916431,3534.55312499632
-932.815014460322,-2444.15570479869,2761.23478970821
-1755.61146671498,1224.40058892087,3748.694094774
-2127.30454121188,-2424.75296365443,5191.13054585885
-1410.26163267688,-154.679977229714,2621.22969509939
777.855850078693,-469.605274692054,81.995995638822
582.616818179008,-2894.85798320555,1685.96903252451
-1159.96363642895,-534.581472472712,3674.74578882459
-762.192944563165,-1434.69732815823,2746.37433817659
-2160.54979275827,374.087220596443,4361.89649709517
-59.3768021830378,-712.42916059098,1725.36747747019
-815.21317191785,-3862.26130556195,2496.60232248219
-2572.13863321621,186.56799045005,4414.81229821055
-46676.9515638359,16792.9999638352,81137.1368599501
-290.152751199586,1297.23077670234,628.760081631228
-2451.69750543556,1989.76888108778,4546.70465781458
-1554.47368236213,-253.498906417516,3227.4570629948
-922.753887139487,-347.175450916634,2727.03665601685
-484.651177612055,-348.821105827747,1540.82719701736
-1624.35630366084,-1420.93565307878,5416.80476111181
328.849190864969,-1277.67991298304,864.423503433062
-474.5251504937,1870.01354080962,896.143944603342
-1017.94067151736,395.027779131202,2295.32729388809
-1922.14153238034,188.590708475091,5236.62066476413
-1204.38699168164,1938.49911200739,2156.46976762558
1494.83717680349,-5223.13633665441,457.995515516699
-1159.47160475566,1436.7790892624,2299.48287620509
-1149.70182515432,941.982658555683,2193.9072357996
-2291.68643655188,968.75378351536,4385.31264109602
-3775.97592569814,-1971.69833734183,7612.53408004297
12.1387219675082,4620.45970375452,1826.54218713447
-875.338098460309,729.526921030498,2642.35159380445
-2118.78158110622,-580.427173429095,3442.48017059751
-96.8743404463037,28.875103155975,1083.62116321849
-1779.48091207725,652.839329559729,4601.40256984482
-1459.47071740212,436.262846474427,3788.60233301683
-1065.85102597227,1818.15346277628,2073.38239369852
150.589695489902,-814.040342337009,737.212286223668
-474.45969681943,-151.169146789473,1836.14045669653
271.570779351157,1818.77400313469,15.9030033402541
39.0553578473693,901.472165631947,1858.66338283667
-448.147654694916,2484.86974780608,799.698041117925
247.316329116773,-2756.6401649015,918.085961942607
-328.08238590304,-53.7643215499776,2076.5756572318
-285.806581079099,-3847.52366113199,2187.73751941744
-463.178271397655,-568.672550275051,2211.17542708972
-749.446727502298,-1214.26129568222,2760.10502712449
-1166.57430408017,1507.04024930579,2834.75217777929
-1145.60010725371,62.7334878070707,2642.99243573592
-1913.89964355666,1953.73839778711,3678.81994328007
-428.609012843138,-610.904503899359,1796.89804689351
-1251.97182442573,-85.8808336462188,3271.05817411293
-728.63198775446,-4446.49059176499,5164.1066408225
-100.183249285333,-2150.96731801795,1329.30109229123
-870.455900057466,-139.159759388229,3111.79819301514
-675.617313346879,551.300089625265,2488.52627570134
93.766405031573,1499.96966514041,179.207844825466
-1269.43068754784,1865.53053889109,3425.50129239445
-820.668710055646,-1152.20575679061,2122.31865866951
-713.023468016189,695.686644519559,1588.56313948358
1156.90202158019,-760.624887943289,-802.527332156763
-1803.3624986101,-343.148333520702,3900.74279500289
-411.692704957152,888.056952668186,1564.05567987809
-1960.68135615285,-1711.93314691849,4798.4841527746
-883.702293030744,-1870.48998818082,2937.45086765165
-1870.22113885487,-908.871856015649,4026.86768664818
-672.936689911206,797.497915740843,1558.87072361136
-1231.2143406943,592.544433384398,2248.76771587258
-3228.38447807734,1749.91167969024,6049.91174379258
-2376.09297241993,-247.448853910127,4341.66769500719
438.714078815253,94.7030557711068,-206.458957898529
-2229.45266300538,6964.33132686795,7073.93357033625
-983.875627951135,124.60607100526,2707.90634760838
374.532406947915,369.156210013943,-591.127149887663
-3403.99312638609,573.859012470406,6103.73688139811
-973.730228981102,581.01464339157,1952.15281061888
-669.377425459772,805.995844552808,1822.40259416704
-957.281701486789,2293.83965060035,2420.24035650536
-795.037512761931,180.921566566909,1851.40891495761
-1957.3463549153,-244.560322650027,4543.37599446659
-30.3637253531287,1041.77105342651,1317.46144528625
-1951.25362918715,-1992.50143992446,5288.54580451429
-1512.45785541774,-1173.67491951651,3016.05127243664
881.249040234205,1195.70049788064,353.780308776992
-997.619454872142,-4271.29119443931,2934.37374103338
-8519.45191105615,133.711483106571,14217.0571236024
-1392.53279812645,1746.82492117788,3521.96573706277
-998.807527659285,936.761809325099,2732.35161959609
-541.446078380826,-700.548531206222,1871.53652817569
-772.859723175244,-587.259520832091,2220.19518160132
-48.2024425277011,880.175055060119,1343.653316909
-192.412865916993,-428.069600452257,1435.51890401844
-2583.06053328536,1184.87793517342,6549.7629540816
-1038.01370823769,-5526.91075738212,3303.00213461086
-1538.61967534439,526.451173240753,3976.19451745437
-222.689357930767,1768.98733353246,994.266027871907
55.9062650551516,1971.70285860188,1206.92736108776
-1388.489023603,-140.73155596215,3629.7549177383
-341.927013292213,819.022665230928,444.632359274613
-298.797594109698,-277.236339078544,884.213032312579
-561.575899159262,-268.144410937654,2058.17769331414
-1795.43377329904,280.428835744613,3553.41990305485
-99.1398547894564,904.500774540638,823.080222273085
-2146.65443965982,-571.076626216363,4014.86809201582
-317.435262877104,-407.097175379564,2012.8407175916
-1988.63774033894,2689.27603109497,4356.07083798478
-628.617861817617,-2484.54569008523,2871.47903868204
-2177.16573572766,-135.663444163477,4219.64097209483
-577.983775180201,-431.742111908237,2095.14038595187
-3240.75414446117,-298.578738939563,7747.11649904673
-676.659933907208,-429.595105415395,2347.28782061835
-1116.86316024368,864.71629434635,4302.30642896761
-937.617639147202,1023.29984841932,2647.11357867004
-1323.3837801648,4592.04511065406,1874.48483160066
-1135.44406402648,-2213.28876226437,3685.35536374974
-417.605222877856,1152.03572879131,1118.96898704098
-2738.90259940536,222.610300856109,4891.50676653175
-655.818548967952,147.452008570305,1882.06340822105
-241.99129395304,776.104604892944,2224.01161858871
-3262.83037470043,6651.34402068639,4326.29637359643
-1680.68331913588,-2007.38492907914,3634.78424568022
-2335.13180176247,511.882882013075,4142.5873239772
-1686.27023900081,273.291342280093,3612.72286732726
-1257.31393251732,-1058.49937313113,4259.77388959361
-1480.23919797469,-2300.33351176545,3498.56490857494
-1627.55509852035,1021.66249292453,4413.0367848898
-1784.32427929126,1746.44435723952,3203.59685137391
-978.542152813739,1035.35684441727,1774.08620637002
-1640.84804465437,-72.8005911700285,2966.87180704719
-1854.671512259,648.569692805232,3126.93855068038
-166.060348271412,-1076.85189856774,1400.51571290896
-1094.83866707916,-1061.51302676908,2535.88476347894
-2003.13292808532,254.839175945526,3873.3366650601
-1185.44157623492,1728.89428308569,3227.57391953014
45.4864825878863,1423.5755313369,168.285834045225
220.993856762163,-5227.903430308,1916.57354801372
-2658.29587752866,747.860584484303,5095.92018248307
-726.128069715164,1298.93425704439,571.980243032683
-2564.85704493282,2139.83643209226,4583.03966064067
-1532.44924112449,389.994936846385,3944.06873095257
-863.636008921377,1701.55069352817,2232.62399569427
-2030.18104409035,2019.644838589,4202.65435733307
-2428.86664919885,4102.48173473262,4937.15039336839
-1473.98724166669,952.147702320761,3846.70085240367
-1960.76799923472,2131.3422000457,3734.9825405957
1009.76866495033,607.007901322033,-632.880182851942
-1671.61756721314,535.736635846815,3089.03965491113
-184.306540317427,-930.210811698019,1375.19359428135
-392.175788559475,-1413.28488312219,1675.94790958753
-1659.56100326023,-1034.13498300441,3191.72967381845
-3724.25013383612,-383.924171935655,8882.85585939875
-251.406828061289,300.730521941148,581.88857129767
-1591.01549651209,3085.20368904493,2594.43515896829
-960.439637872271,1531.60030132377,2230.86162086114
-2082.50712177188,817.378814487953,4246.12876591284
577.19154712498,-954.043948413748,-295.239232033976
353.940398208632,-3798.76530111781,1578.06005104498
-298.779403074173,569.645037313292,802.132447752554
-2334.16657917181,-4.39426035455182,5688.10312703763
-3725.69029272915,-1172.4939899127,6703.03812727114
630.966249705313,1207.62110461007,-536.106066736298
-286.617297119462,768.745487315888,496.138702108302
-1235.77214321329,-156.036223318639,2867.67733503671
313.978367192404,1775.64175625292,-54.8373345416854
-1714.44947931001,2093.5017928732,3107.89402014305
-1983.05004762614,-188.640093631264,6093.75552786962
-290.636694291527,387.855919047655,679.33949401853
287.103390137553,-1936.83904476119,1335.81872327933
-2374.8719582344,-29.4654981914459,4756.25506687398
-692.890998288565,-638.507196819031,2077.06925936792
-1784.06958348797,3907.29172591149,2618.34707624991
-3714.68211070595,4058.78075383407,5575.59531880742
-915.552782097598,-3821.79243648237,3973.13060184787
-4458.67304519451,-355.626216710921,8382.42774756911
-1183.40715626826,-955.206145401785,3463.76989209265
-2347.68991948214,-196.958898246298,5112.78159096228
-785.163093614222,833.178159633763,1998.10089903825
-1170.96986220743,-1735.25553287648,2158.99389001978
-431.84163750308,2291.85746370703,456.435863534921
382.634605721061,-3711.40987903001,798.699680337659
-971.170219469396,-1517.01988781387,2735.75573704023
-1130.54129719636,-827.25097683101,2877.09472628094
-2032.90766227732,872.834023038534,3622.20917550339
-1049.16328675091,-522.261689313981,2991.51820984687
-91.8445241040641,-616.924335263116,863.209722227792
-447.325789839415,178.704779116772,1577.09000957801
-1604.27902189548,-323.880740468544,3463.0361772763
-955.250859397764,-687.847475001314,2509.03045670138
-854.030116301594,1932.4933166809,3135.96248993776
-700.427331361042,1390.5802542607,3205.48618944435
-1128.09195872856,-1903.61350861166,4599.1346691723
-987.814161842,607.382807782554,2557.35370455209
-1211.70652145021,1902.75320098007,1960.62645752431
-1441.21106657026,-4.00379538391737,3713.80602258004
-812.274191354791,1417.18090192952,1662.03702811253
-1791.97239993066,17.7253953044204,3788.08157268118
-458.012172278293,1175.61513193627,1686.09267713684
-85.3632649232802,-5331.1844444666,2359.84800732086
-1615.61926939556,-712.909856075278,3909.46021111093
189.538485746438,-715.243986779445,281.773060190389
-511.554022849271,440.188381416316,2540.51363487769
-4021.580274734,762.66532705227,7837.96969386106
-1374.60951538812,1493.23788762266,2057.48491921606
-1180.04313839898,165.622343466809,2560.47874242058
-846.463956736172,-602.953531284626,2844.94375453844
-2757.46506883376,-309.167391133987,5975.42746209314
-210.634442148607,-2736.7584395047,1429.26996646476
-5056.02250870786,905.410349293198,8406.30698161344
-388.977425931306,-3649.24351674621,3220.08332567446
-4396.11979512365,894.387514253809,7826.22847812812
-1111.24989445422,-293.69166332268,3108.33408356087
-957.369905125323,147.246082127449,2462.04913274892
-1310.73884058494,-630.430227948606,3218.37966283099
-1491.80144889998,-144.187177663101,2647.659795538
-2200.11068447003,-1580.43176054486,5750.4461648293
-2369.69160409079,-793.27703779186,5108.87654610469
-303.836256293638,-3671.01632558661,1223.82664133121
327.747655463237,46.886729258081,54.8786285660647
-453.671779617623,-2075.39968952087,2257.49632646266
-2097.36162158394,-1107.81976122694,4953.58267885665
-652.059444051986,501.095554331021,2025.88455924449
-1261.65839787663,-3540.32044270727,4097.53218892564
-4300.70144962473,3738.65363551075,6664.60095810645
-11989.698055554,-1397.75803289947,21454.6010376655
-1506.14649227578,-1043.53865008923,3416.0044229353
-583.070615518835,751.127754245338,1354.88606055176
-464.215940043921,-893.323888511035,3242.22935202684
-508.649383747847,-31.9023634330705,1815.98738328422
-1048.35254057501,-1294.12560550676,3157.1842943044
40.7805977421947,835.058284953649,1093.39378649335
352.857570182863,688.698493950424,828.770496668135
-2283.77499847536,-807.571500503715,4883.69498137354
-894.792260889833,-532.11571442908,2446.84204161913
-21.4749217103276,115.173253787499,493.814712311308
-1562.31735483592,266.139245818933,3910.50698251844
-4292.45363804812,96.5287599327447,7073.20152935612
-1343.21154992737,-2237.99896387887,3583.38423282904
-384.036672207325,-1039.29161785295,1309.36342989543
-1015.86601879668,91.0401803764799,3388.8100452278
-10439.7974103159,-995.826584859392,15948.6540112348
-1450.86816476644,-169.124014307548,3200.55682961944
-1275.59291075832,-41.0036991735682,3627.40851012195
-1855.89195318304,-822.720277927889,3806.76260940111
-2578.55031005613,32.4908440145924,6220.08923169858
-3838.80295352199,-649.316337519903,8285.03028209495
-2075.59419395602,78.3866559657405,4913.56066968555
-4679.28026907134,2393.57515380919,8205.58391138571
-1348.92969652712,5029.24454318596,3822.84038839339
-733.725812580403,560.5352840358,1631.96585189036
1040.14421540795,-1767.9742303563,-1697.77447580619
-263.27573078218,-3172.90191665205,1870.87777626211
-1192.78592917044,238.585157855206,2444.71145342681
545.346197205451,633.443583894728,149.01325398446
-702.687225297726,1594.04831716106,1540.78775113758
-861.704603857979,344.737245098276,2735.87409019304
-36.3032355143266,1765.47828132428,1276.03132547275
-1476.95191393927,1395.33661058423,2774.54172071983
-1817.23234048982,-1395.33825505604,4366.75716250314
-438.890920043501,-724.8827262151,2578.50479900646
-39.5495634689312,-426.600225994308,1175.91976676893
-758.552583407364,1317.14861244071,2188.93454204237
-918.453598228721,1180.69953175519,1999.98491348218
-652.878373303907,-122.092258946446,2133.45260556445
-892.47197234241,92.3702323974672,2034.8565134101
-1922.7742286911,-2332.64254244022,4806.79489781571
-1604.15285075176,455.03226353723,2636.73362152476
-748.651796788945,1024.08787937082,1463.62085060484
792.497015737372,-4869.46152901105,528.457043867015
-2787.65331879132,-185.526521608934,5391.71172566312
341.239125698984,2140.16868618193,307.735302914283
-1828.82441284227,-528.41079488192,4977.36258217839
-1368.4654106672,1201.24638658568,4116.1547425561
-1666.68043272272,-82.3280927266723,4014.55206499453
-365.283619598144,1390.3512735814,1224.94533165372
-623.944261452429,1361.48732930459,1736.96240727744
-1617.70419107015,-43.3466698409127,2609.24723357865
-2857.16707119907,1751.6853073165,4895.34148426253
-920.562845775906,1093.26441153038,2804.39871588441
-2559.99704681324,-757.636798269583,4932.89363938755
-2400.06459083776,1035.739066745,4630.92549750972
-2247.75201715999,156.40647227512,4612.92639693074
-245.833494556932,2394.25268392688,233.535509399631
-4048.36170379044,410.848802082723,7623.73588357342
-1629.06690747146,339.418139666297,5070.21143634356
-4245.39938219141,8134.76040391384,5774.14204745178
-589.698750539424,3021.64747999725,1723.87424985407
-4370.03663291815,2067.15195183889,7521.33051779892
-2848.08277706231,1088.96378402422,5913.08610991587
-3213.07321560986,-1021.91475311031,5961.4931466209
232.210508399155,146.35341030616,1425.03136537387
-522.874503021665,-1767.14248461517,2218.8446099925
-1998.36055060694,-52.1422236239038,4143.15022461031
-2906.04862600382,137.793018679016,5559.03047154506
106.047117713865,-2901.64050842139,970.933322489319
-1604.1468318305,-1141.9782583566,5156.00308727621
-758.704174803726,454.464711911027,1687.50781103481
-763.108949558539,429.343866619845,1384.58154157262
-153.519136457786,831.697275202557,2301.76590747904
-2199.91611972672,3728.08029902407,2914.88585863604
-1328.58369883529,-2532.06477619932,3750.84846027783
-2396.34736626574,389.89789253031,4858.78442463962
-315.123060959028,1023.80247669777,1441.02523857237
-673.693756438792,-2175.15803343862,3467.08380536422
-329.370707674236,696.640060253482,2147.05181674046
-6968.33935782319,-218.320640451913,11715.7697210129
-49.2623222933415,741.135570115635,-118.641055085558
542.779527927843,-256.131438689802,316.230735230155
-1075.83263587581,563.680778272025,2914.76665397731
-387.360793569447,1525.17845751965,1453.02962786815
-31.5627967289693,-408.806133186108,1369.07121485364
-1376.86841473858,-679.100173188738,3946.29674984395
-4030.64626069505,-570.855246264498,7612.54158139625
-1280.20932231413,507.869030193522,2945.74743071324
-39.1334938086056,-2200.10089854007,1110.8453736362
-197.614221119245,-4333.40832382588,2840.21217245899
-11904.9110951552,8065.47944800012,18360.0413362452
-2027.52852259961,-710.678710150027,5193.0154658379
-250.70301111792,858.410450266757,929.188580317282
399.368269086232,-683.385092270723,1133.14523061146
-1689.00051835721,216.318778104635,3978.98715522046
-537.058308388048,1484.57126945475,1700.31069384219
446.276459236469,642.466562682598,16.8826039466891
21.0445307829312,399.33180447293,184.732460361878
-19.6558073292667,-716.103892722295,1748.91171807309
-1163.87482925654,-531.940606509797,2930.28208613165
-253.533598080085,760.086090666979,779.444432149971
-809.625971297673,-2069.04263027003,1857.92458095517
-361.566513274903,-445.91730028739,2892.21044101873
-2869.21351396213,-233.216434495257,4983.21660912456
-913.171649375334,-1155.57698180979,2739.09056208427
-1787.62357171571,-807.365809747459,3324.84972576858
-2783.77053147772,54.0439873276132,5341.20704814628
-1503.85474842282,1329.32304471542,3056.70706688599
-2107.55226894891,1893.35003813063,4091.68555387357
-1162.19506832489,840.716325128399,2307.15265276424
-825.764990456091,-677.041321749551,2357.89974261077
-297.124688842555,515.533367514951,1294.73790372802
759.490687254471,1526.52444793925,342.910400326569
-1924.24925107469,281.84076252823,3703.7612710055
-19.5783934691558,-4155.96177803295,808.506220262754
-2931.78215396093,-89.5455622252964,5634.26667649771
-2537.06678073405,-634.27450104966,5968.658695562
-801.367018778275,-2773.68154234217,3080.93624956637
-345.468338932716,169.41695537251,1402.21413311575
-1892.13878179435,442.683731264493,4094.93323133573
-638.237410726483,1073.23690612306,1932.26089926145
-9124.75502887002,-1027.21307749174,15359.5525675364
-715.609543643495,-1831.37542481893,2663.31084223639
674.830224937902,562.699177485955,-243.169067585607
-476.561562576804,665.271382400845,2990.64032881899
-881.213818176243,725.674595150848,1737.48350568894
210.016612971841,202.375925578708,763.566362092346
-2946.59974193426,1965.84303831689,4827.72711016123
-2389.22738968762,1258.50731805771,4673.47849924545
-1456.78178675304,-228.749193616782,3877.03458307663
-472.688850106455,-2603.02744668783,2594.70672430978
-1414.80810720747,-1856.45986857727,3618.53250424424
-693.005968851321,-6980.35846662262,4339.00239587977
-979.024290394053,-899.979128013128,3291.25869980982
-6702.82690893406,-10.7361754256454,10143.3523634013
5.48845248954661,190.496868795843,749.2073282784
-863.712407114068,229.488221363812,2205.89279563933
-2640.50224274558,-337.779733001577,4832.45317532319
-1298.6222051547,-2054.73648909801,4539.16732911271
620.473009889045,-584.917945998116,297.846801401797
-5656.87027528333,4256.94126877055,9418.92944215495
-316.706076272859,-297.45428312139,1021.22885549706
-1423.24229238511,1469.27422210159,3003.56405650101
-989.615920429989,483.134814592315,1890.62397107284
-2445.25632834971,-807.312861069476,5243.29039708178
-1295.4454432651,710.319351077417,2861.02451176272
-1609.33270539095,718.718303801769,2114.06359042991
-2426.12801040581,1572.65544961755,3732.52564268402
-1089.94431952212,1114.66410071083,3107.9901943409
85.4576519196387,980.043787279463,349.150035967243
-2149.06083996813,-1150.83468312893,4876.88972637552
375.615096463332,496.734121704425,-9.02534258046132
-4640.50577770202,957.276098506141,8122.04708360532
-2050.42001925194,677.426565209143,4619.85270020994
-3689.40147449849,140.763098765193,6946.37169967302
-629.505427526287,316.797897839623,1044.75128704764
234.282133341174,1280.62653688879,288.183349523663
-664.32639275568,-744.954058808086,2471.54926796538
-669.229123899045,-884.395451860163,2327.16916791582
-10985.4524924746,601.280255797948,17835.8319285357
1264.38622778715,1034.40716750015,-1552.08326589231
-971.839313206552,-328.576099634164,3581.87996118176
219.118915390439,-265.883214224015,-37.1148656104282
-1413.16272527291,300.497275199368,2782.1885751513
103.659345021141,1110.70804667641,452.564970040433
-3010.50182384025,-269.975964199032,5771.69939873067
-2177.31677771027,662.888148488895,3449.19428464085
219.675870490002,-212.855928370143,246.730561819371
444.821088776716,-173.15427181203,184.869060406147
1508.74592298349,-255.036295047595,-1747.08948907176
-1358.77097342478,4449.13123917738,1022.45046784
-11102.7656334482,-1302.28752634917,16928.7872670198
-1514.89151137478,-180.264734904162,4796.74405129348
-1164.6401582777,275.389378971428,3181.03381667827
-3475.43673506421,-146.736559447903,7401.89137342139
-1690.12561464794,-723.2940560146,4217.48223251667
-354.657787276161,2107.0336385259,105.871147602484
-1552.14426429854,1885.32991817735,3027.72345715059
-5383.88621869969,-83.5545461893442,10135.5473911163
-2868.53611910074,1897.98616855962,5807.06003885505
-539.549196985745,-429.26232650896,2025.04148135666
-994.690201039355,1208.94593418811,2006.9666726601
-2268.64511801766,945.238090137071,4017.80395219928
-364.081398859689,-857.875753625905,1564.26261124733
-374.161972354706,3190.48659933545,2471.0355915
-192.278205397687,-867.217343076542,1714.36637648631
-3458.16250112262,-150.243468696815,6486.36657620935
-1863.24090070868,429.333612125744,4044.78937223636
-1256.57317282988,285.321445923769,3374.04924820192
-637.172062321828,545.733027287358,3366.49605929142
-2815.36612753302,744.73866393502,4916.42693950187
-2628.59989064308,2551.26697803135,4630.76192902021
-1770.00507966525,422.893677846473,4231.64531955416
-1596.23611538104,239.710914089355,3460.40683630106
-805.590795496973,274.881786941738,1975.62484665521
-892.777866530928,457.970385458683,2505.83430099726
-995.866403227862,1582.91017448713,1584.99890995866
-1634.58632069639,220.586351496222,3879.46954339937
-804.317510425949,-3796.89655205088,4305.57884229928
-1401.22634635283,238.716055974804,3435.94568682293
1016.12838030838,55.4994268044286,262.969869689159
-236.263201270639,-640.483003276455,1469.86481337246
-461.450453066627,1355.84278166991,1056.63544464639
-798.275029728531,2119.65958171381,2310.33026495738
-998.490985720155,1379.76268158568,2220.7703193712
-57.4038900091124,-122.644534832297,1115.24880208943
-446.906002431939,1011.93271110248,2059.50753702781
-224.341223042367,-4131.51902408677,3834.80849106456
-1799.84629940285,457.05193579018,3793.88672158242
-14210.3179134472,1395.29468593592,21705.2189069726
48.8711015339421,626.34425016126,1605.47091580417
-1277.68720309373,-262.539302917837,2268.54976807606
-1187.88516265702,1792.62837290313,2147.66628755785
-553.674252150823,-2119.23825311034,2556.63362406791
-808.845813281344,-620.36892700795,1287.75564024214
-605.616102121728,1585.53424829005,1294.24411167159
-2146.75641909242,-960.085227566375,4186.93875733839
-2249.0816602535,-616.179435784467,3946.67210230655
107.412393800463,-1001.83541831436,539.325982045907
-1880.57786014042,781.978741024964,4090.26324028096
328.658438420268,-1111.54416754667,-282.472080862302
-1863.10820563932,4146.9990078647,2711.36293978442
-311.97568063728,-145.029391341778,752.21976445688
-3444.16134573372,892.781439506999,6974.63088507923
-1460.02563009881,2796.10218520843,3497.30409785993
-2085.47844617603,880.091798486879,5008.77527916581
-1109.67065541501,-679.354867292286,2623.99148633652
311.078856640536,-1121.15229732903,-138.44211621517
-1750.77017279256,1859.49683052914,3740.23134622073
-2298.84176973273,1429.12077972812,4678.02615258108
-1641.16918800622,683.175678463747,3877.0718555779
-563.065917015213,889.064459378897,2128.29145742766
-807.159787876863,-4444.64847444769,3837.68392047159
-1100.11259486537,-8747.00022334174,3624.87428216957
-4276.21915270765,-396.255034851504,8606.95888837153
-934.931821825348,2539.29479056274,3562.04219282119
-133.968743526113,-1270.89119208492,1018.35445187707
-441.971626803067,-2167.8118701753,2985.98300020715
-617.054013735507,357.787759185497,1442.84244673508
-1089.1784129877,127.579607059608,2552.06146147455
-605.523977989773,-3575.06972008828,1868.09768478122
881.666794979771,-380.830046166535,58.9321196399274
-35.2196760705329,-769.401093020955,764.463828498119
-855.320198545561,-421.559492658277,2514.31217249186
-918.876088867291,-2048.05389175943,2090.58087052914
-4042.23115209667,-821.15493530802,8111.55732172174
-937.73274760445,-1674.01771043556,3121.22206687787
-437.133382822076,-1361.70595196184,1052.64397968649
1374.59364770687,-145.121062548464,-2236.03875538024
-660.110780429951,743.515008711856,756.566769164402
-2336.46526905087,575.272342469289,4546.25851552136
-2335.5867362334,347.115159640925,4485.28377302964
-2343.69112040222,985.140352921405,3528.7800237892
-878.594660589594,1135.2672244421,2846.32112007543
345.996135093577,1388.89481497284,55.37540864877
-859.135323076511,1576.94613076061,2978.18760424572
-1597.39031994807,2372.85004721488,2967.79928051233
277.482758897504,-20.4277898186639,76.1139044350438
-1665.44844360411,-897.733827108815,3745.90736746516
-620.68604490298,588.654784435166,1249.34072558949
-1634.110465273,106.483420641521,3351.89408563293
-2274.82258585232,105.79293748243,5527.06767175329
-1219.50711207238,3139.24285184982,2046.16565209116
-2155.86646277347,-2213.34284910642,5302.06748130282
-28.4838011386864,87.0689750599194,375.684414013286
-1204.3000499992,-597.707023034148,2854.53297095124
-1517.52599894432,-6367.36728270122,4753.77492826827
-1256.65022205792,-3919.10589252834,4558.5637881529
1448.35453684932,-4813.93027906963,670.827766175515
-3313.82234194068,545.190622482043,5636.89017155183
-1556.73194431369,-3089.85035181412,3997.6765143712
-2821.67516695478,126.188452859794,4597.2023285014
-1578.37878049828,239.976850005627,3981.92277750588
954.485889516142,31.4455567740992,-19.3189265050163
-140.618658470229,-29.6805226690885,1592.70501008898
137.910331942782,702.099825591404,1149.0987969648
-1250.00870224187,69.1610477019952,3953.7766764985
-2167.10574425432,655.399526976682,3463.62260778018
-3491.9328119974,3272.26381095965,6057.87238907621
405.637725778477,-1419.89792928077,320.14871986911
-965.90857349605,524.076859783621,1059.03141559632
-298.270731370496,-279.045289616101,2535.71771951781
47.9543844874938,-1647.57995192276,1803.69056147276
-1051.02248501905,-48.3161105291199,2971.6002092523
-800.894129498329,-1166.84176189205,2843.39209777461
-147.942941268686,-991.571295022641,1171.49174523432
-448.44419106686,1640.01837615781,1214.73206841153
-338.811289918424,-349.679589957573,2418.05490658655
-1479.21677288073,-2580.32065722316,4306.73138886086
-1064.52191474114,4048.97849073402,1106.06585310356
-982.877550496985,-1072.92492889299,2606.01369670914
-878.718224785473,555.492040055747,2442.25142430932
-1466.18170704866,1881.93161266698,2251.60189015085
-17606.2919796331,-206.69884675472,25348.3367587594
-5053.91474422996,1129.09549174998,9035.83655419033
-1425.06167493123,-1384.90341223434,3723.70813659728
85.7651402461026,99.0715473208342,426.095645496982
-1541.58717334768,-1186.50062483635,4342.6833986035
-488.630587186739,883.356290464114,2399.18028157706
-740.10361416056,870.591720141497,1493.29316108954
-2025.74795483863,-1397.11141120377,5257.14991968243
-649.665495277192,-266.390973798571,2422.0174867449
299.112341320148,-1266.85938687738,1333.65848108524
533.241038419177,-3372.35033371135,789.615560768192
589.434887200873,3450.56283828105,13.4217502587208
-2637.48864089839,671.616480805644,4856.77739311238
-196.166465076156,-3955.89610452253,1721.92819944121
-1894.23866320841,-909.031975994527,4035.36097168497
-965.731565210462,1040.06202599107,3637.91186188355
-2610.25512633466,1838.75509211972,4211.9688299115
-895.107514100005,-17.6121475352554,2119.84912779131
-744.2152533842,-726.619124454862,2457.48476634527
-845.511649897473,-239.466248139268,2680.63511498942
-1152.28535653271,1440.98513386597,2844.90829198795
1432.5222491359,2341.85025571289,-2740.80512842922
131.966714899756,-258.54023713961,1418.55266633547
-2203.67706738343,-1557.12524943583,5013.26090976912
-587.423686135736,-1326.90378309108,1607.4489936707
-353.57048436618,705.936382648231,397.492827102105
214.962674378662,308.810660004592,112.899556307687
-230.857757713873,-3629.36357374317,2736.04116261214
-2409.3588549052,801.285973430985,4906.89858470434
-1536.96253367907,1350.41019868777,2887.92456631832
-753.483807718195,0.751413441694199,1986.64260692642
420.587922193213,-3237.89573957305,-436.28408488628
-1899.67711795549,1067.29756720712,4085.54540670588
-1138.49289330425,2845.51356082796,2003.27617023414
-1176.76037437957,3212.44810680258,2609.69700135696
-7455.81382000846,1192.29347676428,12201.5792869292
-12.240597938013,175.130400527747,1087.18552431456
-493.531315740937,1078.73422487805,1598.26850277592
-1827.90657104103,204.394553019772,3420.30747161181
313.015786160328,-179.377528908038,1590.06877589137
-1118.64032167058,-53.3374049568134,2488.78797809329
213.978236945235,-2066.86544187324,1113.27354846354
-743.342882841021,277.66531680076,2372.57310363167
-3957.11057695203,-235.948468533396,7295.89995092543
843.974555615778,-2384.40575689225,-249.522256544184
-1263.84854322986,1705.9512484887,2404.97564918063
-1369.57799911673,-536.591308177133,4014.0719648334
-917.89221401152,560.784620745184,1902.51282376896
-1199.08675142213,-1255.63118742458,3738.65759452922
-879.379890617478,1854.60404436567,2349.26784483859
-992.577600132173,2321.39423349289,1130.61470033814
-731.213795979759,1719.88036000953,2621.91831372074
-766.624526903145,1575.30510667951,1694.58809252906
-1567.14441742699,1642.39919272173,2671.55537479629
-3925.59439922556,-730.564739281567,7448.28367206057
-1540.94365934363,464.774983918111,3961.37216480701
-2484.14198215498,-16.1913376998696,4804.70332986359
868.118668772581,-2156.41382859682,-168.049745960242
-742.954059218169,2212.87879174474,2311.27379577058
72.2906607283463,-2256.68831749862,1619.37122269887
1628.06083460741,-4228.34055601628,-247.223665023701
-442.124503041962,443.33546173018,1069.03237263509
-1875.62374786322,-1118.9857239786,3870.01575684267
-708.97319546974,330.351704966655,2530.75955132639
-1625.53639041866,-1156.60156151335,4593.8006635829
-1725.32775240962,178.770194387203,3123.709664268
-487.466566189851,2105.95401061301,1680.89843971194
768.864805661054,333.083490106276,-33.228205071999
-3005.48438637554,-4634.04181244503,7068.76474527818
-446.341443412822,471.513496260439,2269.11290526046
-983.235644463811,-620.078495818049,2762.69050990453
-128.22158315077,-171.535977656576,1037.86255765699
-252.602851119864,-721.74492936046,1168.05976664082
-601.460737316491,1329.02462136903,1757.24751438828
-740.583693082403,1273.82480046427,2217.22363259963
-2405.15899413255,3895.29329877221,5573.17697100743
-3180.01721167262,-1632.54977224763,7218.10912232503
-1456.88361532644,439.889001676185,3450.93696721805
-821.282221479339,-636.823772447413,2502.65940694141
-135.624985285942,-2801.58152930477,1629.99483633499
-919.303513894599,-772.443550395565,1858.68182489094
306.275804060008,625.853625735454,-175.108722961414
-4552.35340112803,1161.46795721726,7923.6208482882
231.889734522196,2092.03122339887,-375.76940403999
-916.33027966133,-441.432293632918,2475.84396601598
-2961.80934082005,-266.809643249505,6632.58392868929
-480.813871265072,1298.2133775042,2802.71272967354
-2680.72000706271,778.186609091178,5069.38154331331
-436.364382258884,162.223765881375,2010.19155886107
-95.6091174654554,666.693696219653,2482.88258771076
-779.255301744776,249.986486279098,2523.64350726969
-123.6453762026,-170.118122824145,1911.1544292456
-2893.48408199864,-379.01633968107,5841.95692061502
-101.735386433561,-1600.55023865078,591.839657139941
-918.547375723946,-2808.78349158742,3094.96531809042
-1061.95149977549,-1417.91294653416,3033.4965937525
-793.063945971376,53.1472807622516,2479.10631498122
-1011.47735469376,409.405604836342,2171.43773996658
448.436798062288,1707.53900946774,585.838629736872
-462.596518741436,957.190558573399,2308.89530022986
-187.26992711627,-875.115864613829,768.39020827508
-247.248599925983,119.448174798936,891.617591687374
-3911.28191509667,2024.46121491011,6164.30671512791
-2097.46713958164,1278.20978886066,4010.31516198267
-1379.4689138338,-160.297990530614,3759.35235246023
-118.412061845407,2546.56993496227,805.814207255432
-199.896283705172,975.779516944023,555.552466760607
-1225.53575078369,2065.63782635093,1952.86262376575
-1812.32143742923,2564.45532592575,3095.61832657318
-2188.08460879312,-453.894641482864,3977.78139886231
-2096.71234186835,159.674038447775,3909.28366925117
1720.33785470077,-221.895065117016,-1612.36360913365
-1388.28264910515,-1721.0168709976,3349.47205136182
-394.164345984675,137.727278548936,2710.72923312003
1099.58908720315,568.214095232159,-1086.65993004467
-323.464891046987,762.423358165465,674.717316138961
-589.260554194704,1626.38935714671,2109.31961581163
-3805.32854478098,416.736811722008,6983.31111845733
-694.799466538052,-3077.73296663378,4137.45156422447
605.272169852452,-3303.42480044366,2164.48036204546
-542.598752756345,-65.2862757618248,1840.45533879071
-1027.40885721211,125.736363077173,2510.99867590265
-1082.27725412206,903.341695634628,2171.66474910875
-498.477652375547,1014.52986484788,2443.84979788352
-638.792288459649,-1033.21054666649,2768.71136338731
76.467823636396,353.791908510808,906.499339375925
-36.3744493526704,-20.6073443027288,712.639371668554
-144.019944589321,2548.26088717206,2516.11847487209
-2074.07837183859,1215.06064152927,3701.24083131143
-2579.67188393833,338.512841186335,3831.54173254005
-1806.50130639355,913.605845135231,4768.59984472813
-868.020679232955,-437.436611453551,2726.58885978479
-1551.04609257673,-644.86241681238,3788.49861274741
-783.853483790654,-1197.22792327779,2849.33941719999
-620.97652502801,-2262.16601248388,2843.24684267016
-1123.9274300571,2276.47788452868,2769.03895372718
-2438.7309557107,826.916498919731,5073.80635174151
-4049.23433103376,700.517561040512,6710.41239990037
-1932.68608771574,2085.41907116374,4201.75874257904
-7060.82680023533,1634.54498388698,12813.7536799101
-1580.04625053896,-499.499657891614,5328.01764055718
-1209.7467854103,1221.10474647081,1516.49993192149
-512.81537968834,609.779096816683,1267.20659375916
-1122.85771240314,-69.9813531408189,3125.29814798077
-2279.03892140455,-301.879836232305,4534.54210069658
-1992.42134342433,2743.91912044703,5150.07114707145
-1953.5199367405,34.6444425818779,3986.85219024085
-2227.84982404767,619.613426277245,4088.24123168406
-2952.45117888461,1283.39671386628,4683.02457805408
-664.498267825195,-75.8741918240049,2462.6403186331
-711.656759243023,-1119.54640999853,3346.86083684686
-1773.342022995,-502.742259938452,3648.58162549902
-303.980776327683,304.04399449692,801.600016310868
-1116.09368732925,-2112.08806102604,3914.32194375691
-6273.38123508209,3201.70403503786,10774.7005878102
67.2910602207107,421.878228401854,-286.573648670693
-3603.0990625622,-128.662615169074,6449.76972765837
623.404418707798,52.328514270566,160.759926067388
-1624.60685212881,981.979172476818,3858.59464802018
-558.018011729145,2117.1929012383,1907.78590628915
20.5274848028778,-832.712901618266,1095.20801993176
-1574.851131974,271.043895447427,3567.76309014117
-3.03214878106942,254.813775612898,-242.421985634629
-147.001630122213,-91.3952644925972,1366.84661898174
-723.939348508078,-3003.69643213508,3130.82638334129
508.747587859886,-2598.81434448873,420.464257491944
-8.27790640077983,885.254889120854,1811.71655358333
-939.236827521642,1372.23607496142,2018.97545089831
675.290165170073,2838.69133150049,-347.609683137047
-3021.25023414193,1525.93091502407,5266.4688928924
-166.363303628251,271.342518473836,1092.31553634377
-779.196530744774,237.662960960108,2384.47333420772
-363.951458643225,-1113.33758595946,1303.53307284639
-1717.02619470629,1815.20422024036,3669.34561030709
117.661929067364,767.957384026727,-310.574506710685
-1519.04881203753,1217.26442270819,4073.39854407535
-1475.9173963235,288.318515208786,1974.7915093742
2998.96199550298,-3546.21795275594,-618.96047459533
-781.486121177865,-5704.06114640204,3384.60379538504
-2055.96626068914,2091.44525265024,4033.53605827274
-1959.15329985481,-751.341184318338,4958.44424217573
-360.650981076128,-1.46056572951903,1753.79476717232
-955.410186243726,-177.366762132266,3016.55853557216
-532.224634073975,-335.924822342497,1559.14765921978
-934.66075525402,-217.818810543393,2296.69734914108
-3818.92787637801,423.01395788588,6400.93694749378
-1953.71486582878,-620.732859019717,4108.39839867393
303.707740460243,-67.2510520430165,197.571933832899
-669.977223574506,214.113105826819,1669.404138377
-1645.27653366948,-3193.65877477021,5335.2430457941
706.612702625854,-2713.60868619659,590.472220608253
-2490.1861345696,-85.4581622069254,5372.27771045253
-4620.42939588722,4472.41820591342,8860.3795266867
-435.645281398902,1221.99414224462,1980.26782349008
-2395.62989384912,-1225.26670695599,4974.91681308711
-106.988421105755,158.993081071696,1259.64647785528
-35136.0661503913,6281.01549416758,55526.0307188181
-99.8038499181162,1144.15034796887,819.087052898693
629.312746708205,362.210852957647,-394.660559436871
-545.338271663403,984.469733770912,1548.36848956022
-682.062451842711,-911.223953513669,1903.97652020034
1019.41526606143,-2132.84177060905,202.315645593415
-2046.9572330912,-1567.53360017937,4441.77358242667
-323.962524717599,-3259.86990238175,3155.81549456022
-418.84744306002,1550.48977791507,2342.94219337786
-816.347462659146,-847.066133624681,2678.7469473449
-2685.39010130572,-588.268436899162,6027.78067226631
-1733.25475516856,-2846.8265572741,3640.58001465287
-919.765697720171,-1196.82463642243,2793.87616715397
-490.626284216155,411.346666010752,1053.92820009149
-572.086681344309,-614.647046969393,1936.24718200605
-477.496913300645,-384.205530487305,1829.52885277231
-1265.64016996599,2194.69476736352,2277.23567730084
-356.330841223998,1871.76717953168,1520.54842286879
-375.207987737091,-367.519786931616,2088.21468199175
-1184.38226495877,1808.68806611973,2416.01410804931
-939.66515142645,260.692453732613,3278.53293194662
-3846.51006139481,-1058.5585798716,7376.71355355866
-577.327623935187,-541.755156393421,1999.9646187756
768.869178455275,-1638.4685488127,32.7605608589365
5564.07945624545,-9981.83576154991,-5921.23717543721
-7963.87118513074,1294.17992432513,12596.1031326189
-1140.12116240418,-822.354658634053,3768.22711451794
210.936777929196,-1165.78353093029,1695.05206523034
77.7188121330659,502.611562522877,26.3488998045112
-1361.90070804911,492.333726840466,3410.97956820332
-649.831646489728,271.139897322501,1549.4263469956
-638.669470752575,-600.765296768057,1396.11260099538
-1494.82358619465,148.651003417725,3126.8138119349
88.2369539503183,-271.609216457195,1043.98571566658
-1101.7324092418,24.0319982224727,2480.97011748721
-5079.54953825423,-987.597123999575,8978.92756266101
822.555933444624,413.561165541638,-648.080353069005
678.938125603407,-1452.74646109971,1267.56439450517
-848.820249876953,1903.95136164125,1752.02818355016
-162.900424032044,631.197495819995,334.620450467362
-2350.98644854605,-1128.04406536292,5032.42334064428
-1584.95211617439,-320.647080191967,3304.75909659011
-403.608974167053,261.385383549498,1849.38306357787
-1203.44355648486,1096.37355080935,2808.09095957625
-3976.65434402075,151.237574052764,6595.31407016266
275.445517061562,-592.555531943816,-355.95849353917
370.912701714228,1624.43825171926,-887.735928638186
-590.489281903894,-315.291194185057,1471.94003960142
-1577.93472554975,-5311.21308096891,4660.42467754221
-2830.84917913365,367.16966499121,4844.98231258596
-1473.36944361689,572.240017268117,3124.24600986101
-1196.43454047883,-95.516166036774,3719.94455232363
-485.687032674842,-737.514677877422,1578.16753510253
-1038.77008264702,-1354.3950102852,2558.96048257516
-52.9243449632861,-345.83890926608,625.602276868081
-2668.59091175704,-295.018008630859,4908.1270617524
-167.920637010307,1100.73662828989,273.730933984538
124.023834134321,1164.02803104193,248.341631070795
-1156.86406723982,-885.700604297524,3322.02768820561
-651.502384970837,-391.326931654887,1724.38516360901
-1639.62722156219,-669.563177915181,3689.80794678304
-666.245546400137,-1193.05686021359,3675.49625339238
-1802.90505360992,1862.79221183913,3567.54588439417
-1821.87960789628,-2853.56213157509,5160.71918453695
-218.34991308743,-159.641183201756,1129.87834523735
1112.13205713023,-2342.71168619935,244.412799644626
-1471.3347360971,-224.049532201356,3101.27824194316
-411.229808408164,-122.914171020867,1247.93802855725
125.451922090253,-1066.27708479489,334.65378706144
149.980525203949,-2650.27805331483,2537.06399028443
-1624.07908329772,971.757101050541,2884.83720614166
77.1449537115303,-1387.93204923045,2322.7776470682
41.3895016769217,750.24756457926,336.326505777869
-779.147896838826,966.079862794802,1716.86555366733
370.513717677432,-940.509557214854,1258.80540388431
-2182.69102178846,-6500.57270479117,5630.78178533922
-1642.28235547763,86.9869962661228,3701.77513463456
-70.305663298722,-197.873444662953,733.408724262139
-1349.80244899836,-1054.41831856912,4621.13552506235
-840.030862645018,364.296002236772,1643.73782539024
-1261.3683730292,-4688.09256798834,2969.23647098459
-1056.71931517043,-1336.51791557285,3364.83121221641
-785.652591285335,877.532722430852,3292.04825869065
80.5508327023495,193.862891316836,1296.82748501
583.862543787232,116.72181601741,711.230545151625
-676.225658475691,2224.97984630594,1755.80079048398
135.093368036359,56.876956354215,1064.38841532788
648.754850119044,236.78363813717,-762.125217658176
-992.530731248882,2073.97138918027,3214.88846160278
255.754766628239,1329.48198679761,-997.557511502718
-1847.7263192422,-135.897400117266,4105.97461872534
536.519234682478,-2671.12708928872,1034.86967727768
2152.39083364678,-11137.3268774708,2650.893818931
-761.26752825494,-1262.79013428331,2801.33459189159
-1989.54496630266,283.478027612525,4669.45940707034
-273.362940584669,1808.6497953877,-123.257462220785
-5679.55099594715,281.652975643299,8574.05639576848
-282.187128415499,-254.27983757595,1580.52324937272
-745.907258871513,1063.46963627637,1781.19684648161
511.136228010573,-2886.39211622529,1204.78028913073
-1383.67111755238,651.906676678042,3463.00774161977
42.1858608772857,1207.48855722367,869.318264514487
-3016.98697137007,-1038.42019624968,5921.19689190924
183.047692411539,-732.00559815053,695.385825920575
1245.88231078279,1322.71620945719,-1363.19514359541
-1497.5117983197,-393.84743357974,3439.67741540187
-1342.25495443486,1060.23919269166,1985.42840160102
-1044.90646688237,2009.12902752276,2371.90321164281
-7750.43626744147,4385.35216360281,16578.8208330135
-1066.34112127913,1726.37432841865,2191.52888235869
-2120.15273101889,1804.39675969607,3099.4054451574
-1502.05678720917,874.76055051908,3716.00629369146
-728.542598699997,1406.62001377568,3167.47531243306
-3112.74426222521,-925.660941595292,5592.23795000498
-169.871331979955,420.893143476654,466.01556934502
-674.367606436431,88.7599337951819,1337.64869958198
-1781.342126637,772.017333030443,3192.53086137462
256.569675601144,66.3753519186039,-426.26428715439
-1491.14271407174,-3645.87014431387,4540.58259788386
-1986.98750817421,-678.546905245316,4631.9378618976
257.90746593701,1218.06222264592,-258.97211758312
-3996.34484098831,351.721571376366,6278.8950865247
-1008.49704492867,-395.700022614339,2672.03531892516
247.686443201648,-1754.76402532268,853.333090636021
-757.274968208445,1071.95971027178,2968.27028973924
-41.7401668207898,-275.156307997284,1934.84946189905
-639.672626212199,-3715.45353180517,3499.64465599688
-1358.65033986272,615.178503933424,2346.20894820497
-635.610361077645,-0.0479113947241832,2281.8218791297
-646.917032889452,468.882006040035,1714.01124370044
263.521982439274,-388.747410115494,1504.3645192426
-113.018146227075,-115.585526214149,1231.2561691426
189.184267263208,-90.258909553193,102.113408074044
-1464.49206412829,-1509.82879891586,3655.3763675127
-54.1059647724663,-47.6164502148164,1863.87363980419
-697.009675273208,473.610248035552,2102.89315637816
-1899.56648195531,-864.126739220218,3956.38489210774
-1043.23926299609,1542.60069959946,1697.67760496408
-1222.97886873836,-37.3685828775352,2624.05795750146
-1344.24261942273,-6070.54546436263,3935.36425719969
9.30728752194323,-3196.2473040454,1966.75356203976
-31.1425376543594,1334.99867572217,2081.95849153565
-407.062492768695,-2634.20004749902,3086.94147367142
-64.310065827878,632.754571688695,1564.13729383215
-286.3883386992,-1008.96777715968,2364.47075528544
-1275.83461832078,-561.475447490092,2483.00661022782
-2303.48565478886,-498.783377216397,4679.0867303691
-429.688776974449,548.661591216005,1485.93246321411
-3041.54808805798,1247.51540697619,5186.05216411543
738.965797659916,850.328609139688,-311.540251557209
-2213.10517699045,445.335248390681,4259.22198422482
-934.362953472217,-3.27296607430055,2218.02990901628
-436.02122618225,-346.395109528981,1698.44124337762
-886.128778724776,1159.68818066357,1894.58358557721
-97.7142026461008,1770.42256906218,2102.64223060181
485.577893334249,889.248500692393,141.959305193172
-126.661499448488,-446.150658094976,662.216652597058
-242.593866558457,816.382955694129,2486.67123143132
-986.466890522299,508.92135177319,2390.68004908556
-840.144621770476,-563.227880053287,3082.94775335391
-1537.71439597872,591.552810300423,2897.71136406587
431.877061128395,-830.066231307688,259.599948008909
-955.678788910259,141.254431961543,3299.80929132981
-722.16105790032,1443.77089632207,1017.84951897875
-850.445182505737,68.8769256822022,1947.62376267073
-1019.128731875,1408.02017931652,1782.74412268892
-1846.79341016168,-176.059433308583,3571.72517686319
-1643.17519692639,302.122350283224,3622.76506494568
-1832.96277263223,-10188.140595481,4156.97080591134
-1630.3283695549,2259.45662137075,2771.24614107432
-867.629967521895,-827.27820995837,4085.40136590729
-2359.78987320342,-846.881243930548,6307.49580997923
-2225.72707108162,-659.945310719678,4146.5507803641
645.785238149155,-317.679590021459,160.804124375476
-98341.1078291314,77419.7911342722,124308.341521311
-2066.24660833137,504.819896399538,4045.22824545965
648.346636831896,-2205.29138595274,-163.330560968358
-2411.65097476363,-773.54174443358,5544.9227821797
-2060.11175834718,-1017.95093240981,4693.2456975386
-1026.57448393726,-479.689988159253,2708.80628740468
-450.898718853413,376.481391012931,1783.34963193999
-127.513358787544,852.740013595176,1957.32218576985
-2245.04402450307,-515.221957404792,5697.89959221149
-3701.29415559194,-2603.77726348082,7956.29840862917
700.998605155764,-2674.58760966865,59.4370300173479
-1350.11402105658,673.586225306449,3234.58781659366
-224.921846860512,1419.63870997579,1612.66904316673
-1199.56242492912,-476.24916644611,2626.21732790898
-773.048148140738,-1475.35676121248,1946.92119436051
-2549.69663018536,428.601423840476,5015.62907283441
1240.75804624425,-5896.25779296481,-1004.35099482028
245.749993026145,-4726.30528211112,357.760355889825
-1482.70267116092,794.143678889865,3570.29053689349
-6557.5045328909,136.421057650003,10424.1530225609
-977.97845046403,801.897902979958,2891.4902300911
-3092.29679756169,2287.29365626069,4480.02071515645
-778.921781731578,-1393.75957859703,2047.38545947492
757.749701172393,429.102159742086,-364.332208000906
-3127.87738236179,2110.28166027993,4690.76857007228
-679.49316161259,-1415.03021537417,2895.24800206368
-929.230417395643,-867.192285765456,2650.13527034789
-1376.46130733214,579.513488262731,3077.92640615439
-231.343759762094,147.636301702196,1174.06845813268
-1421.65855319678,146.07339593532,4266.40660122672
-406.68777854241,245.515254903896,1934.23323446915
-641.064784647811,-442.475344715177,2542.84792585616
-853.631639413471,580.377798772191,3027.85191320411
-339.30638994712,459.648467286817,2622.73638804522
-1513.81775920676,575.338636064078,3525.18540728964
-1139.10262245134,-56.536940002469,2708.28068604344
-425.91197279534,1569.52240494164,851.537940615279
-3742.79436898595,7206.21694339119,6389.35165478328
-1592.11099119975,75.3133900273195,3992.85327378268
-888.070677632785,-251.409922116885,2812.71917771632
-2096.50260102866,256.959118234627,3526.43927898325
-815.149091106486,-942.462575928981,2702.48533585048
-486.812082977727,289.448060265841,2958.93176019741
-989.9765492128,1210.87717846392,2647.99156959851
-786.06184737372,1687.2255684292,1752.86379572333
-1236.51948682616,169.860037396943,2384.63813925895
-1718.24998029169,-274.609199119019,3735.19733333982
-1806.4448874701,-1366.10154919404,4373.33057886663
-692.152284040774,-576.999628432967,2085.2393891969
-41.6110896812032,1101.96878719218,1646.36293010459
-3547.08372291585,746.802290174423,5639.42064987843
-240.097418668815,314.119251416882,1095.82729750953
495.603697474874,-145.183101717522,1572.68706239431
-1160.85695633186,-1550.19135547039,3330.81631071592
-104.136266302418,-1128.34996819062,1622.7078351004
-1412.51797346753,-2298.12617162384,4025.64568615413
-552.390241639231,-2105.55359263243,2445.18787770132
-564.977921615897,216.570883853945,1712.98113375863
-72.4327795588891,1698.47254200101,15.5572955813318
388.86021386732,-2068.49000380402,1205.95227326042
-1580.46259610094,1199.22326545797,2988.93317337399
-1282.61241175434,1124.97019805587,2051.31330150359
97.5155836541778,-889.117706043118,552.198099119034
-1124.14177745769,2174.44648576014,2550.8802929374
-824.407252426204,1807.80199850296,1068.56547310076
-2651.72791831826,-817.505457409693,5332.2144873839
-1458.9784265378,439.179091046093,2799.85398026157
-782.823983866198,-220.3226962868,2908.95555936335
-2544.86296285352,777.325443132515,5449.21522540742
-1908.51121124848,1154.91720044645,4692.80907137823
-1158.85552543672,-3444.70075551592,4400.66605974529
-989.147736631183,-376.799661103423,2678.36962681156
-1423.91603427482,-2657.23826958143,3729.70051025281
-1779.5072278249,-743.849831633648,4412.39069436411
-1495.29980350368,-156.684190973782,3858.94950405874
-967.845866709316,-3213.19297107499,3654.99936301827
-607.069123797627,2685.40659366186,1014.45562677808
-7655.89836972395,-94.9207939795848,13301.8660645306
-269.996058782858,981.37051977988,1217.85784489789
-1083.14406340306,-82.1604447046674,2476.21645751836
-0.615485490488662,238.57803107129,956.84390307653
-1466.76641487814,102.752367323159,2732.28537737919
157.847831738046,-494.097847748612,1141.13546884827
-540.803725074833,-27.5986676288435,1860.39807936343
-1690.86465678842,452.940471034346,2973.25962574493
-1184.06633420765,1140.6631413433,2572.21898228005
-958.197685483505,-362.804029086006,2338.41682251494
-2608.90330210936,1095.77993741472,6902.20676448385
-602.784471568239,646.678158267412,1939.83954129673
-2352.20743665797,-172.147382868725,5252.13641732641
166.359350359233,309.645515567544,699.828393503187
-817.164707344938,-540.014767222876,2830.50180949225
-1027.94199086307,-1229.95675568401,3460.95641374772
-33.8151368972249,579.579682443607,1147.92424961873
-766.101081284177,-250.214758516713,2623.98378569623
-3681.70203083667,-493.97486873457,5910.56394230515
-1399.46067323162,-769.407010805649,4231.2579011982
-830.211971822309,-1062.73645652342,2179.49885578558
-1503.41007477791,-2.09448904988241,3535.05144209465
-1851.07371284598,776.054619778944,4364.48282911981
-2287.2455367022,1327.34050602015,4825.2782256201
82.9499888355535,-1094.3466544332,875.336032563479
-1409.6821067649,309.822968387848,3533.30022932281
-2647.50422498526,-722.230986287837,4778.43538936153
-1409.42024821301,477.51251051145,3281.28133647434
-754.058386758147,-440.865838357036,1574.15726483391
-775.743704960284,-375.837318792168,2838.99202061447
-314.932382473739,-2738.63743574163,2770.25073239598
-1729.84754668328,-1623.21449728326,4035.21342850279
-27.5916550516538,-3292.46661710562,1865.01274159487
-692.242143663992,-1443.25443695446,2159.461025394
-123.565973492099,-2701.65339814797,2764.93835960171
32.9231378908061,843.759950835433,994.724844042256
-237.465018929737,104.668362196485,1109.07686601334
-1153.45207998824,-1443.93039607873,4543.12226901767
-807.423713053243,-4993.6090303297,4298.15408074745
-5690.93658420659,-152.510838707825,10166.7966468763
-987.482350973493,-776.201752671119,2528.28834603161
-2045.20690221964,-15.5608201495564,4057.36895302116
-613.589389159237,2180.70340327732,1553.52681897944
-714.97112230865,474.642290411775,1278.66543305765
-2488.8593234582,237.678236892198,4580.67915527328
-1462.25966097442,569.399158805734,4172.81222654105
-1116.13667932132,-588.915847223043,3511.16137088579
-1511.44525077872,2292.51521983252,2875.98706470425
-898.236708542658,-685.470281870345,3445.18356375627
-3039.87027621981,467.352765269926,4658.0530668629
94.9826424300939,57.5998856671477,1640.95956296702
-722.629219658098,274.669315430947,2167.28701886569
-1804.05911673802,-902.278480886981,4669.23872248715
-1802.13711235891,-3219.37477922108,4593.5992156752
-416.031565857654,318.772365189466,791.149894557251
-482.574458003639,1136.34598242729,1849.46468343969
-6211.22458251696,3780.10622273198,8433.28676306853
-3767.58821862449,-302.153374430193,6375.9029521789
-581.102185598617,25.8758070350869,799.284843928111
-1617.7757749947,980.445662712537,2740.55867635294
1044.98010156927,-1910.56921281916,-1422.31587561557
-1830.42022237181,171.204809836709,4075.29256657424
-1880.863742574,-88.2980132001234,4305.20415720729
-1730.8981372787,3546.18346948945,4203.88730122129
-2266.90436982491,-2022.5526412942,5506.62325255474
-1493.01014250305,-735.839548043257,4435.85130195753
-1316.31054751803,103.376691864239,2898.84466368108
-1855.73074860174,242.93322858284,3851.79946626957
-906.852256087142,-1396.86927472957,2900.19943995105
533.288684899188,-4830.4909548526,751.872483631082
-2865.96215811604,-977.320782550225,6411.82811365744
-1739.06624304701,718.764750747455,4068.12536212735
-1260.86511008736,51.0052119700116,2980.59624644233
-676.841288476965,814.217750478884,1987.31773378112
-224.804388181602,-328.936138444678,2031.95608169945
-126.007919749695,-559.836180909662,1831.41583028783
-1879.49924834862,-912.771360935445,4724.33833939369
726.736310900368,-3955.38004771927,1416.24276915205
-944.606051834784,969.846935686278,2615.41183069939
-8723.3558055361,5736.54237853548,12901.2859184185
-1134.82773448338,-3168.31436175272,3096.35983528903
-621.727319829891,-60.3473201786929,1988.63732670326
-661.682826653226,605.665147823949,1888.9389441372
-1233.52054767489,799.46770981368,2300.60190975181
4560.6185244012,25546.926964916,923.828158821151
-911.839116979783,-1454.90687445611,3021.39315875676
-1528.85922657549,-2117.20465857376,3629.82428823443
330.204027642352,-851.598082230208,504.565982286962
-205.649372245831,-6822.76839234566,2196.23143543851
-350.238627719548,-3391.09397660736,3198.66294814563
-3903.94007820722,191.63311357716,6651.5349843413
-264.65080581235,702.123095327722,1162.3888090595
-472.216788577019,-466.645629124408,2077.26318115278
-1333.66222335911,386.821695853424,3098.54100135538
-1049.82244748708,1203.19222187855,2849.75913820613
-1079.28734830539,-3541.89226229751,3388.40496588451
-1431.23339481057,508.139276356812,4453.63468611316
-804.3285193223,293.313901381343,1962.95600852854
-1403.30527278533,-179.5446185504,2906.03372708534
-2607.22251464771,314.198577587199,4689.97583232066
-609.695552424186,-1465.31906975862,2791.97893122799
-2487.89851637139,-1877.63274465433,5991.47495789672
-2047.81788991882,616.062869203026,3983.07548737165
-1042.42361580218,495.534984043549,2314.64294092067
-964.242055839128,-41.6272340141366,2832.30061449345
458.697253200791,-382.671052098004,-148.748888098041
-520.073403629016,-1202.18529777396,1931.57293842422
-3858.44450357526,3143.9353087296,6886.32437952059
-3674.18408532911,1755.95366150413,6277.13563362286
-433.472584761868,-3599.81732064021,2376.36235919979
-2042.18433830901,-1096.54417711602,4194.80968500119
67.6383659309413,-1435.10314430623,1902.57350317121
-728.809802165309,-754.320517285025,2306.14351605074
-566.957106707936,3.72780175415159,1464.11952425002
13.7653426021383,837.199119092203,1307.76268096942
-1393.52346820872,-1842.64031178274,4158.25000953384
-1569.59749848298,950.725793837204,3152.815279379
-1165.51012428426,315.484712580652,2760.67712639838
-1185.85444864513,2440.02560140485,4166.39694580369
-673.03911810099,-414.61459005743,1018.29252629309
-933.620683247588,752.426208646556,2071.51874395183
819.880020574343,299.418807934782,-652.951858365276
-980.483845581306,-455.918254892646,3114.85323894633
-815.168488429025,49.4751666334523,3506.86832289294
-1297.57483815575,-1660.94457208771,3315.37158860435
-206.22250925341,-1224.53102344188,876.80499841953
-3322.30897725383,2644.47434438674,5407.24520486753
-2153.70184152917,-1232.76521743844,4182.63368418843
-1474.18362472994,477.847205831141,4009.69189707995
-2422.19240355381,1525.95867324699,4634.36693645035
-742.240769090894,-558.971370239423,1950.66925687921
-473.400441456602,-466.563998394891,1597.45635217309
-173.499855038395,1881.78298928027,-58.4670256088671
-2821.45072573622,-69.7445550548405,5571.13002394693
-942.38178790467,112.231730184968,2701.6748286446
-2998.11566092835,162.35023905375,4650.03608378395
-2544.85059589453,-25.7793784229823,5284.81356645033
-2035.03159121192,454.269686050472,4807.63540281192
-1184.41314422945,-971.06692590095,2771.67412431399
-2846.09902976191,792.160391985013,5397.92150040417
-338.094781987936,918.891499990707,2430.52746723136
-1549.4385100671,3003.82729562055,2108.43103352456
470.98019355392,-2031.92601857379,-52.251565080827
-4625.34521440185,4915.74200285564,8350.08392306344
-158.00213602661,-731.609645027925,1571.68991357614
-1715.42841014247,6.41727919849419,3144.48975784301
27.4140350575095,359.800615197796,649.05967953419
-3589.50667511637,3816.82271911775,5675.97620506573
-3225.34562742418,-997.246632146667,5910.14308948858
-122.431915885047,-148.401322777197,999.754101087768
-698.267535176034,-381.053886138558,2658.87070827102
-4698.3840320732,531.474732556109,7162.50575006349
-1645.55674850504,1243.73983581942,3225.14875591895
-1433.739242031,1380.81757756301,2597.0725852528
-1902.8521611328,-276.753581276745,3690.93490668431
-1093.97730778207,894.782425222178,2253.52186355916
50.0423634782584,263.995123125739,436.52876455143
-982.044342132231,-690.56820788555,3436.36174470609
-2637.09488407093,1515.76883493494,3672.74474927276
-2095.72328347323,1205.09223665538,4058.29010233517
-2255.96577843769,47.1837462494676,5231.95652122939
-490.998901192739,-457.688217411459,1644.01648933679
486.105361093038,6720.45609075332,-184.18500462214
-2997.38388949104,-3546.47180585212,6672.02341901459
-2309.65510142708,1753.37542450789,5365.57398385765
-2129.62121127172,863.116048577539,3381.44180781696
61.2397410369587,474.82391403112,46.4625149118616
-1154.20859726204,866.815901624153,2107.72795064099
-1174.49467088111,-48.965949912736,3609.15327330489
-904.828052421511,1487.3065380833,2847.62888840561
-1663.51062427195,-2529.78199741565,4456.81429003553
-8103.12808575666,1958.77780703785,13861.6718169186
-361.184391645504,3937.63944557485,1342.90610278606
-1543.7499710584,-680.043073008334,3550.92817053723
-406.334160093799,940.207691636128,1293.87966323831
-1189.11356754936,-235.152320882012,3750.96658964073
3083.99749956595,-7731.99476004077,-3306.94868341714
-550.32686779971,939.083102747975,1295.47853823429
-547.477121665409,-782.898702661286,2199.18182785177
-1609.94747097066,-1357.07910943996,4136.38018471563
-1248.06926984364,744.916420070649,2091.15396462714
-1718.13866485207,1372.84038302228,3484.64982648472
-1543.81537801017,1759.55189450352,3827.73588243035
-675.911452281806,771.947761745391,2764.25901129014
-2008.78042516759,-704.103428178828,4475.08046916307
783.468707005195,-1905.45056365765,-112.965000018067
-1687.52520436227,-190.536819523269,3385.13117482817
-1973.19869094255,551.951672195684,3737.14365053861
-1179.19228593469,-1005.01093851374,2621.88921976463
-2337.89356329295,-233.591015575512,4088.0342533679
-338.86518809423,-1474.16100104471,2484.82645504019
-2163.23647594954,1151.79271538647,4306.65717201948
-781.06936567678,4946.41693238008,1750.06866221972
-1200.61062782441,1962.99548351016,2847.20350873429
-1205.96487414671,-3757.76596603561,3778.79918016034
-1416.91588192245,-3211.10047305083,3882.22916096018
1029.83803909423,-627.16285109077,-640.768908253638
-1041.37844980622,-1085.09374561404,3155.01648123578
-432.624553672688,-2548.97291643339,1519.48651795499
-1838.52633910703,-524.235053235642,4060.0307004812
258.226396852208,-891.71726587363,1009.25553035474
1339.73084523057,-4736.39631057137,398.659608218355
-509.436180436852,-794.388180661708,1324.49789428963
-3942.62544857296,480.734700993102,6325.403552605
-3859.45728456625,-2857.66987784756,8473.80297293086
-107.672538409506,-519.960968695354,1860.43542948468
-2421.32604619322,-584.748324061753,4295.08607668575
-1034.84160752557,-481.93462926339,3162.90913429276
-663.291251110957,-258.19583210449,2192.47527578068
-1243.25524722173,558.321831083644,2856.35102451855
-690.015938479094,-1340.45319621485,2867.29659353201
-434.966910739554,-2362.34491868394,1777.91165239949
-2037.09936336784,-114.547906053747,3963.47594852484
-1377.44983653378,2058.28616537075,2092.87359878066
125.98818118986,20.072861409469,167.352563556518
-123.376217839384,-694.65106906132,1259.31567325471
460.545352073734,-1521.66060189878,545.081690415035
-2097.01404834105,3356.68578679554,3959.68939770592
-4852.01483891316,-2371.73715345122,9140.03612291998
-791.769700115787,1075.5349706318,38.4600905543644
-801.872305807442,897.265456875325,2360.40936723468
-1979.33929692326,1104.04234486591,4398.32892610593
-5963.97514172571,-1043.12321306292,10513.3845181784
-94.2282615467101,-659.856612348994,602.471262206224
-1062.44324506754,-2384.88619049948,3613.08656599653
-1035.3805912378,511.124899982876,2262.34135150855
-4202.83028195138,1408.10254270825,7022.31581311185
-1342.55051540191,-252.220616661614,3138.73958229082
-156.007119114766,-215.562844975072,1023.56047274573
-2113.88880305823,367.87764260578,4980.25922050148
-704.17415054476,-1975.49356184868,2861.3620618818
-852.581672186607,-530.247509048209,3387.47386741736
-81.4126869667696,-7164.6169318771,4059.4481020287
-1823.52738485606,756.768253440955,4054.44884758853
-1378.05987663355,-496.464091259041,2898.31806549788
-2720.1023131776,-1026.93386357861,6261.02050663522
-161.224211890269,496.598427245075,1069.25567319154
-916.33251520493,2606.63652597893,3537.62510861189
-406.77508245961,-979.205137577546,2098.68863938063
-1489.51226361152,1206.77823430169,2475.12531149167
-1651.38585936827,3608.08730052483,2635.11011697476
-342.356704482917,244.964008420378,2446.15793106684
61.2909124002095,732.645380290837,231.566159881045
-2543.82899129436,615.228394872818,4548.20054227539
180.395967033307,674.517169042991,1322.8171820284
-1443.56495573333,-454.113988615787,3391.02392941088
-2605.66215354847,-210.781638220725,5823.28139538262
-301.616189703061,-1859.82190253346,1676.46069123958
-1244.22564084377,163.83177675849,3448.31831346222
-321.560922542674,-373.884976478553,2104.26219931179
-3640.75798939351,-1604.14731690685,6965.68879454315
-4425.61430288989,-799.792702552566,7460.92626922325
172.693810552713,-1676.81581543742,-1.77812369867076
758.85640995215,-582.942097624845,-171.26179102592
-2229.70848966199,230.060880323528,3664.19447844067
14.3897776551903,-434.902023205383,743.856276892773
-178.938043485759,-2059.69809667536,2071.6168292506
-539.67616855896,352.156409387139,1409.58595010091
-2493.76427404836,463.472817761819,5180.86743043726
-3210.71779206913,2177.12005334691,5459.58430932467
-28.7907355085174,-1490.89810228192,2614.47982166763
-3836.57886145713,-220.791144704341,6355.25074157326
-2181.32063754781,-526.554584699444,4990.26771281547
-993.346589340615,829.993825437743,2552.81010646627
-289.538114548654,-3514.3142226151,2001.55023600476
-76.2127080602091,943.204175789095,615.84360607035
-2117.1553791238,-1007.10618666444,4943.81081193854
-3950.4027448436,1279.18577954368,6074.17477970881
100.506631022783,-410.158786305379,1267.7093486475
-1853.63046569103,-898.525319772454,4171.22981572572
-1380.01652922498,1722.07455248446,2575.61190206992
-2411.4633152643,1562.6816001666,5106.07805375099
-563.262036845696,-175.065787538061,1323.16105367317
-554.545833215868,2197.52470632258,539.657298004454
537.177293855536,1107.96551889508,665.032194428591
-3871.91956618065,12766.0801383221,9403.87127520351
-993.759514444691,-2651.66131571495,3458.36846072043
-740.405399079239,1104.55620254193,2059.39741006253
-1707.72341182086,-197.701590414098,4096.91635087476
-748.98193449964,1037.47456716152,1570.09313452644
-1769.96204042475,491.387864658354,3126.23447184149
-573.923414833109,-1524.3192643772,2744.12201030346
-442.200630030166,2361.34459189651,1314.22333117445
-1021.33941163717,359.931284334612,2236.65143022173
-1038.435842245,1460.13222812193,2388.5205529071
-449.425285842953,452.596587553035,1620.73419171302
-1000.86713810694,733.71848376888,2575.28504774185
-1751.51528493534,792.993852710624,3651.9766449332
-1917.60726460918,-401.529059044403,3777.89887023071
456.938190087814,-4190.49992782804,12.414386733406
480.546380385642,-1080.92617911861,-100.671285447772
627.206565933372,370.131458560528,169.23616545482
-622.054400629505,-2287.11961744881,2312.23624770621
-335.035547594399,-833.530282028762,3176.0088826449
-1612.88655359831,1402.95076017723,4719.06608579638
-167.787504983363,-899.516492799901,2699.76850595077
-3837.37624098212,781.882411042932,5568.12638731817
1007.3708226532,883.235519080807,-187.853018881112
-1708.18220263968,-1426.11660913942,5420.24405654332
-4397.51863584379,540.019862077363,7081.17407972062
-729.193853316794,1787.76519893875,1892.4362551706
-1182.15658904801,-1519.55817907957,3462.57437965959
-1309.16256614422,524.048862654317,2271.81811143357
388.385928446928,1002.39130212395,592.270456282403
-1174.5545038522,455.232189822954,3164.62718288899
-4437.58752407967,965.815453915664,7835.98876723
-28.8972572213805,250.776177446936,655.804986904132
-347.920626944817,11.6697168714174,1207.30845927672
-2936.65475485289,3373.34498298948,4252.18785060815
-128.029977590465,737.913607690719,247.738516661562
-307.384176674723,1824.43093509974,2247.90687246682
-316.547062321281,409.139182682498,382.559069705828
-455.063425854265,1156.90170583446,1658.39211275247
-212.822191674247,-1860.30113310488,1648.76536103894
-688.855679078182,364.339602463542,1742.25713493422
-516.868027945271,-2362.80815199377,2415.2126703424
-2756.36772215736,-121.589196237855,4843.35781499353
-184.719954206318,-2805.58027426614,2000.43299868266
-2371.72857687714,1520.62674117254,4293.60192714562
4826.01598076816,-6027.37530108172,-4719.56204339707
-688.24360004433,724.93128473392,1353.58340643158
-708.716013077344,302.418802771645,1766.33084981263
-687.788204686694,402.983625628699,1572.47911878575
-1476.30851368117,1394.75947442246,2283.58560680115
-827.780535733704,-329.451314624802,3135.53718012162
-906.429948061172,254.680764466397,2501.2189130607
-188.714262833614,-20.0752952474337,772.526133731003
-1490.80435775506,902.582350181371,2719.55566700219
-3780.21329868268,-397.157124746921,8472.90520054333
-591.418841357701,-534.581300700472,2237.49229256567
-4365.67679952383,754.747669635576,7558.67358424994
1495.96536522999,-4458.77550330074,280.236733130842
573.80970421095,-274.938636843743,925.927603421591
-44.2566511191148,-2445.07001909318,3028.40917771874
-464.937418702656,209.621269375195,2051.42656868563
-697.423306675327,-2380.01937303805,3429.26493319344
-1326.70045692995,-902.191651397599,2950.27946680545
-593.303928481409,-176.892115643594,2667.63179979681
-2747.15039049191,-831.178606672503,4957.95144182211
-2286.15412973943,-2469.45985512185,5932.31752578743
-417.883977406309,993.515830629412,1408.07095655203
-2246.54206602494,1915.35314246636,3025.09516856472
146.607851653848,608.952215000229,-54.1775370715763
-358.536875960785,-997.381592402187,2305.2453272764
-1833.1075183451,-817.193570711012,3992.14585206861
-1109.7358585979,1154.50532084481,2536.2358659805
-2148.34576040282,-630.487370716398,4604.14792866264
-495.59343887508,-6813.91211203805,3003.44927983326
370.18973024995,-319.68390953149,150.192274639298
-1275.82270477204,-1855.00422629913,3110.38206322861
-1572.15388314744,-716.586016755715,3460.36354754559
-2177.42711987795,2647.24803500366,4564.28590893339
-1081.9033232614,1761.83129887412,2298.89690236934
-3080.9421668023,-828.073285652997,6699.80798968372
-1608.04122111193,-768.869135400022,3504.38510153283
-2203.99608359237,-1688.89975669562,5782.85378234338
-2146.41584236066,-1664.80399592699,5072.54998185053
-397.959479003645,-108.251710118056,2909.54638509079
-4132.11183486583,1703.07076629703,6712.57446873765
-1610.13848938704,-711.763426506677,3422.3080938151
-734.969103132733,-430.609673507658,1619.40795037349
-742.861483696137,-329.303981321559,2557.4983268957
-1656.01085569227,682.189507557144,3504.07173492176
-2965.68632865075,-384.983669437211,7002.1152066409
-10640.9538439008,5358.96489559875,16025.4305481389
-2325.39901111042,327.179997108031,4250.56235362498
-554.882936591267,89.4202989289893,2184.28866405131
-32.2132802472121,63.6322650392314,977.31574446994
-1326.53783734384,237.846453551871,3804.85509631552
-503.33447092521,221.73609595335,1880.10261167263
654.691161488167,710.005072285043,-572.227682434029
-1447.73349921998,1360.12098254076,3980.13632381357
-215.314454630824,-159.597407539269,1427.25672751491
-491.272605245042,-2420.28400171829,2630.53511231215
-1813.99748257594,383.110142383795,3843.09898979055
-2914.40853149908,1932.11837767876,5394.65303018864
-488.663440420834,1124.99460061282,1322.90797997414
170.190752051551,-1567.48508958689,1623.75436576283
-1350.46857995519,-160.154537621174,3866.47617111211
834.295305191729,-3908.68758248405,1651.68761636759
-965.059961481475,1437.84569969864,2036.13527883554
-2220.72319051206,841.003583392019,4238.6524101591
-1770.7028578166,726.446216139424,4401.85905659267
1155.57501478909,-2314.17804724669,818.885784514751
-2137.82592094884,1934.19952013583,5255.97530142308
-5740.11212328931,-1075.01261804413,10132.696975785
-451.329134983466,-730.92466964944,2160.69614570588
-2894.06526247721,478.597048226493,5334.80018397142
-2654.82034130226,-718.314079790733,5684.28137199426
851.579987132863,-2634.31007679429,47.3395608366468
-661.827228288785,681.602342459216,1116.38872631658
1296.45628618588,744.490735876807,-1103.60200259416
-1769.88049165402,736.176433565375,3712.37940551322
-1893.33388863367,-644.186171869656,4748.63505841497
-414.000999749669,665.320473241654,1208.53468992025
-2416.69254737636,793.156569513916,3868.31274698173
-163.774495042995,1333.93408132774,1542.95776595737
-201.406960481312,4728.65292022427,1623.45318233902
-1159.28854121604,236.893315814593,3308.0585046102
-1198.77575187889,-907.494628664706,3653.50887383568
-11425.5748724375,-3349.05091170763,17819.2708027225
-1982.89098666444,-145.466115776844,3892.66236642124
-576.570472328774,-3448.47695984476,2874.90926603635
-28.5696398296314,-784.682808215454,597.046045935707
-1081.54920294412,709.093711451902,2871.85319973077
-972.762638785879,-48.2470839017571,2341.78468442162
-1558.02317563825,-575.644573780527,3604.50289425804
-328.420575847154,905.86010718537,1707.75970194996
475.666465468436,-3168.84026091854,1540.74173470472
-290.121032839976,798.628271492155,1826.5612392555
-1062.72392674893,-1403.57924250298,2946.45038314869
-2268.86582407097,-709.230441342765,5057.99849461807
-1661.99258461501,-1714.45917828647,4742.71632582031
-1349.04136460272,-1264.92176523886,2525.63507029759
-2877.06875121924,-1003.50762852743,6425.02780212763
