"model","term","estimate","se","p","lower","upper","n","clusters","rank","omitted_village"
"T3_1","domlow",569.003437199143,210.593686071446,0.00827132374609227,150.492739271921,987.514135126365,1288,89,7,2
"T3_1","domlow",566.130281279373,209.463820771351,0.00825167686910309,149.864953211654,982.395609347092,1293,89,7,3
"T3_1","domlow",564.141047940187,211.12107488307,0.00898057360299455,144.582275572799,983.699820307575,1286,89,7,5
"T3_1","domlow",573.590466870762,211.293480789689,0.00798332671199055,153.689073992513,993.491859749012,1286,89,7,6
"T3_1","domlow",565.083376121537,210.776851485893,0.0087646125109665,146.208675422597,983.958076820478,1280,89,7,8
"T3_1","domlow",570.701448317484,210.826135291714,0.00815567042473635,151.728806410736,989.674090224231,1288,89,7,9
"T3_1","domlow",572.42826193641,210.636971172057,0.00791820580999923,153.831543967447,991.024979905374,1281,89,7,10
"T3_1","domlow",565.210528536935,210.799785563499,0.00875708445749771,146.290251178011,984.13080589586,1288,89,7,11
"T3_1","domlow",566.23192931861,211.356279680683,0.00881103360251184,146.205736840766,986.258121796453,1285,89,7,12
"T3_1","domlow",564.214282480837,210.961553679938,0.0089222262871778,144.97252498366,983.456039978013,1288,89,7,15
"T3_1","domlow",569.459332719054,212.099039883962,0.00867033169460087,147.957060417235,990.961605020873,1283,89,7,17
"T3_1","domlow",570.12442453212,210.559400948609,0.00814008908251824,151.681861082027,988.566987982214,1283,89,7,18
"T3_1","domlow",574.497231899248,209.904906659778,0.00750233693379125,157.355338315938,991.639125482558,1286,89,7,20
"T3_1","domlow",566.334358883855,210.137980948323,0.00842961022663548,148.729279129167,983.939438638543,1290,89,7,22
"T3_1","domlow",563.237189842737,210.924856345906,0.00902514777111385,144.068360585547,982.406019099926,1280,89,7,23
"T3_1","domlow",565.990923357589,210.783080675758,0.00866297780920378,147.103843452764,984.878003262414,1288,89,7,24
"T3_1","domlow",562.610503350778,210.318103467165,0.00890855330380702,144.647467939968,980.573538761589,1282,89,7,25
"T3_1","domlow",564.712831693911,212.412751520353,0.00932138871240919,142.587123436613,986.83853995121,1281,89,7,26
"T3_1","domlow",569.623311129519,211.998273887268,0.00862139122512539,148.32129007165,990.925332187389,1284,89,7,27
"T3_1","domlow",589.848257337468,210.843512503017,0.00632423633379441,170.841081874817,1008.85543280012,1284,89,7,29
"T3_1","domlow",563.497243852885,211.560896578108,0.00919538700940128,143.064418288617,983.930069417153,1284,89,7,30
"T3_1","domlow",568.70903904453,210.075079493215,0.00815128669161794,151.228962714063,986.189115374998,1291,89,7,33
"T3_1","domlow",581.146699737375,210.21331182563,0.00694282588711891,163.391915693706,998.901483781043,1280,89,7,37
"T3_1","domlow",603.737178783552,207.781147476971,0.00463507629393835,190.815810299578,1016.65854726753,1284,89,7,39
"T3_1","domlow",573.473945599925,210.337549568208,0.00772552614802653,155.472265149603,991.475626050248,1281,89,7,41
"T3_1","domlow",571.914360468132,210.064260171097,0.00780950382116013,154.455785266852,989.372935669412,1285,89,7,42
"T3_1","domlow",565.918299393915,211.027083351209,0.00874583565973086,146.546315445176,985.290283342655,1280,89,7,45
"T3_1","domlow",573.461532206838,214.563029709524,0.00896639615708976,147.062597897632,999.860466516043,1274,89,7,46
"T3_1","domlow",569.12035751106,212.647206468859,0.00887636847553021,146.528719310837,991.711995711284,1265,89,7,47
"T3_1","domlow",573.273399677936,212.603829573034,0.00839746120428759,150.767963943152,995.77883541272,1265,89,7,48
"T3_1","domlow",567.982815826673,211.893572348241,0.00877539333088795,146.888867076144,989.076764577203,1271,89,7,49
"T3_1","domlow",575.910798359289,213.989503325222,0.00851765636358832,150.651627220819,1001.16996949776,1275,89,7,51
"T3_1","domlow",591.957096034312,211.86304034704,0.00638751014753614,170.923823220323,1012.9903688483,1265,89,7,52
"T3_1","domlow",581.190702482119,211.94922173321,0.00739431560381111,159.986162272856,1002.39524269138,1265,89,7,54
"T3_1","domlow",568.535390665259,211.824056965591,0.00869133541727528,147.579589130119,989.491192200399,1283,89,7,55
"T3_1","domlow",582.168315698294,212.3270443162,0.00740001555048388,160.21293249915,1004.12369889744,1279,89,7,56
"T3_1","domlow",561.393009961679,213.273067012155,0.0100159431864679,137.557605446964,985.228414476394,1283,89,7,58
"T3_1","domlow",542.713542225661,212.388485152396,0.0123276014081611,120.63605827546,964.791026175862,1281,89,7,59
"T3_1","domlow",533.170682828422,210.628293679342,0.0131391759222218,114.591209552783,951.750156104061,1280,89,7,60
"T3_1","domlow",557.824398390821,213.566633995041,0.0105847555374158,133.405591186368,982.243205595275,1281,89,7,61
"T3_1","domlow",569.140825571271,209.130282860535,0.00783355005350662,153.538334013255,984.743317129287,1286,89,7,62
"T3_1","domlow",556.075381380018,208.658396787745,0.00915805880668194,141.410664231813,970.740098528224,1285,89,7,65
"T3_1","domlow",508.719710888547,204.834706853718,0.0149027507036906,101.653773992488,915.785647784605,1281,89,7,68
"T3_1","domlow",535.938101528508,210.379160090371,0.0125868003271309,117.85372890922,954.022474147797,1283,89,7,69
"T3_1","domlow",454.593715207005,175.435012051031,0.0111941065824724,105.953493821457,803.233936592552,1281,89,7,70
"T3_1","domlow",576.327173550898,208.631305794251,0.00698473361157554,161.71629405949,990.938053042306,1292,89,7,71
"T3_1","domlow",602.836182253468,204.680612719259,0.00412798715010885,196.076475069051,1009.59588943789,1282,89,7,72
"T3_1","domlow",572.31347355928,208.311590528901,0.00728593477290312,158.337960974335,986.288986144226,1283,89,7,73
"T3_1","domlow",578.981612774371,213.366657207825,0.00800800991777233,154.960217412353,1003.00300813639,1283,89,7,74
"T3_1","domlow",575.664454249104,208.543679600477,0.00702449032988034,161.227713404478,990.101195093731,1285,89,7,75
"T3_1","domlow",559.270662504035,208.526732900074,0.00873916904321376,144.867599665362,973.673725342707,1286,89,7,77
"T3_1","domlow",561.477885949424,208.747884288135,0.0085545287925822,146.635331198665,976.320440700184,1291,89,7,78
"T3_1","domlow",572.297632997209,208.337658644715,0.00729451632984895,158.270315509911,986.324950484507,1284,89,7,79
"T3_1","domlow",560.797707535476,208.823527410569,0.00865512972542081,145.804827974159,975.790587096793,1283,89,7,80
"T3_1","domlow",553.695952921214,208.552006925483,0.00941409434501248,139.242663268001,968.149242574427,1283,89,7,81
"T3_1","domlow",552.07455416152,206.740175312622,0.0090237298185568,141.221899109326,962.927209213714,1280,89,7,82
"T3_1","domlow",574.471083849464,214.846712738924,0.00893756406265049,147.508389131107,1001.43377856782,1280,89,7,83
"T3_1","domlow",498.051709937181,199.186925312622,0.0142574139784645,102.209552056524,893.893867817838,1280,89,7,84
"T3_1","domlow",585.691727439562,213.750822423549,0.00743697576618707,160.906884437915,1010.47657044121,1282,89,7,85
"T3_1","domlow",556.68722638402,214.152582132003,0.0109475991035064,131.103970385667,982.270482382373,1281,89,7,86
"T3_1","domlow",565.836116751335,209.078769297735,0.00817032995610073,150.335997574572,981.336235928099,1294,89,7,87
"T3_1","domlow",560.361882385406,209.036416148883,0.0087710291416966,144.945931192101,975.777833578712,1285,89,7,88
"T3_1","domlow",589.124103774092,213.357703608281,0.00700866838785816,165.120501809703,1013.12770573848,1282,89,7,89
"T3_1","domlow",543.3035156674,210.58394435507,0.0115383152843176,124.812177354398,961.794853980402,1284,89,7,91
"T3_1","domlow",569.421324964025,208.800451174165,0.00771127364329025,154.474304573431,984.36834535462,1288,89,7,92
"T3_1","domlow",595.415796598426,213.329606934773,0.00644198245912287,171.468030868534,1019.36356232832,1280,89,7,93
"T3_1","domlow",595.402359310507,213.625787293968,0.00651414700726525,170.865997354625,1019.93872126639,1280,89,7,94
"T3_1","domlow",581.909794871895,214.696135215745,0.00807876603971191,155.246341339222,1008.57324840457,1280,89,7,95
"T3_1","domlow",598.188517158154,213.564508888696,0.00626330511246366,173.773933156003,1022.6031011603,1280,89,7,97
"T3_1","domlow",577.481154279958,213.444666412684,0.00818846709487439,153.30473201576,1001.65757654416,1283,89,7,98
"T3_1","domlow",567.091121825406,208.307242948346,0.00781364662959824,153.124249143234,981.057994507578,1285,89,7,99
"T3_1","domlow",591.07759078724,213.599512939071,0.00689087390787087,166.59344359055,1015.56173798393,1281,89,7,100
"T3_1","domlow",557.235864007317,208.592068541362,0.00899805122317087,142.7029603109,971.768767703734,1289,89,7,101
"T3_1","domlow",575.991377148484,212.929447464893,0.00819870138467867,152.838844277402,999.143910019566,1284,89,7,102
"T3_1","domlow",544.410332492704,207.249257713953,0.01016524390414,132.545983143983,956.274681841425,1270,89,7,103
"T3_1","domlow",560.340972483933,208.449310637263,0.00859247704696126,146.091770123457,974.590174844409,1271,89,7,104
"T3_1","domlow",624.049440601356,214.841180543212,0.00464775925219496,197.097739959466,1051.00114124324,1263,89,7,105
"T3_1","domlow",565.362014170828,209.365809048705,0.00830686570380973,149.291463806159,981.432564535496,1272,89,7,106
"T3_1","domlow",516.961532584164,202.186872185028,0.0122762430030815,115.157610688943,918.765454479386,1269,89,7,107
"T3_1","domlow",557.629678804042,208.71692887702,0.00899090514252784,142.848641428051,972.410716180033,1273,89,7,108
"T3_1","domlow",607.856997350338,216.64784352007,0.00617905921449417,177.314933685373,1038.3990610153,1268,89,7,109
"T3_1","domlow",539.686168029988,206.526715710564,0.0105501303084955,129.257719081516,950.114616978459,1269,89,7,111
"T3_1","domlow",533.92277497424,205.453691466372,0.0109694673314611,125.626736230968,942.218813717511,1274,89,7,112
"T3_1","domlow",536.376806391764,216.323985014592,0.0150618070980642,106.478343452376,966.275269331153,1267,89,7,113
"T3_1","domlow",610.351984923644,215.507517788019,0.00573035617327725,182.076079028591,1038.6278908187,1268,89,7,114
"T3_1","domlow",561.20356165056,206.214860997884,0.00783387227806884,151.394858411897,971.012264889222,1268,89,7,119
"T3_1","domlow",580.162080202051,206.580264729845,0.00613225771866359,169.627213830289,990.696946573813,1273,89,7,120
"T3_1","domlow",565.278568035796,210.722354833186,0.00872553634119806,146.512167982448,984.044968089143,1287,89,7,122
"T3_1","domlow",559.468967791145,210.452009568612,0.0093251682824196,141.23982214209,977.6981134402,1280,89,7,123
"T3_1","domlow",570.253478570366,210.150101587779,0.00800799316002926,152.624311591734,987.882645548999,1281,89,7,134
"T3_2","domlow",392.292189929656,192.685554641553,0.0447655469489712,9.37014009112585,775.214239768186,1288,89,30,2
"T3_2","domlow",391.718519804614,191.740759833736,0.0440481403165246,10.6740511120033,772.762988497225,1293,89,30,3
"T3_2","domlow",383.501014752112,192.528671296877,0.0494804854134937,0.890737594417715,766.111291909807,1286,89,30,5
"T3_2","domlow",403.96917457828,197.078842013172,0.0433620348429129,12.3163892728402,795.62195988372,1286,89,30,6
"T3_2","domlow",390.412010832161,194.605155566686,0.0479082468095523,3.67515753059172,777.14886413373,1280,89,30,8
"T3_2","domlow",399.628354643595,195.507567806751,0.0439372818341063,11.0981466434451,788.158562643744,1288,89,30,9
"T3_2","domlow",410.311837772677,194.519105752029,0.0377533662640131,23.745990395648,796.877685149706,1281,89,30,10
"T3_2","domlow",393.038716962037,191.616201643416,0.043223218471994,12.2417814986304,773.835652425444,1288,89,30,11
"T3_2","domlow",392.768297600913,191.598896898129,0.0433454506621324,12.0057516824285,773.530843519397,1285,89,30,12
"T3_2","domlow",393.359365786489,191.597225334924,0.043036703311494,12.6001417486214,774.118589824357,1288,89,30,15
"T3_2","domlow",416.546289007865,201.242952996982,0.0413962962561002,16.6182081482675,816.474369867462,1283,89,30,17
"T3_2","domlow",392.167403605228,194.255961074768,0.0465500957875389,6.12450097830424,778.210306232152,1283,89,30,18
"T3_2","domlow",401.477394720479,193.546287833571,0.0409708245673634,16.8448185331263,786.109970907831,1286,89,30,20
"T3_2","domlow",383.677842483877,195.801531132523,0.0532164928901922,-5.43655585420942,772.792240821964,1290,89,30,22
"T3_2","domlow",395.286202333207,192.645492823736,0.0431528587161821,12.4437669391902,778.128637727223,1280,89,30,23
"T3_2","domlow",381.952104757615,196.69168661757,0.0553502406668669,-8.9312905540308,772.83550006926,1288,89,30,24
"T3_2","domlow",391.068167828138,191.864165817036,0.0445263608653203,9.77845567565487,772.357879980621,1282,89,30,25
"T3_2","domlow",390.434733912537,191.589328008531,0.0445654240629115,9.6912041513682,771.178263673705,1281,89,30,26
"T3_2","domlow",393.635652969101,191.62616754705,0.0429245630622789,12.8189123664085,774.452393571793,1284,89,30,27
"T3_2","domlow",391.508993953294,191.487054071696,0.0438852099067029,10.9687121502348,772.049275756354,1284,89,30,29
"T3_2","domlow",391.055125459709,191.597682218298,0.044244520816878,10.2949934621417,771.815257457276,1284,89,30,30
"T3_2","domlow",393.362181749579,191.511961158915,0.0429446559643497,12.7724023445269,773.951961154632,1291,89,29,33
"T3_2","domlow",475.248028858054,192.642338676739,0.0155621118525073,92.4118616683976,858.084196047711,1280,89,30,37
"T3_2","domlow",482.874543530829,192.65307640144,0.0140330722093715,100.017037369703,865.732049691956,1284,89,30,39
"T3_2","domlow",392.434703196263,191.482820702437,0.043395329891557,11.9028343250263,772.9665720675,1281,89,30,41
"T3_2","domlow",390.943174329993,191.527103416651,0.0442274967933666,10.3233028696113,771.563045790374,1285,89,30,42
"T3_2","domlow",389.890716431758,191.505877410162,0.0447654109365854,9.31302719894205,770.468405664574,1280,89,30,45
"T3_2","domlow",415.583601138925,211.141216078528,0.0521845079259582,-4.01519762206186,835.182399899911,1274,89,30,46
"T3_2","domlow",394.256824410638,194.764424729825,0.0459740887910196,7.20345711538306,781.310191705894,1265,89,30,47
"T3_2","domlow",399.865365219574,195.340226511487,0.0436388105505342,11.6677128794713,788.063017559677,1265,89,30,48
"T3_2","domlow",407.863583386616,205.021903236753,0.0497663080836876,0.425633015820381,815.301533757411,1271,89,30,49
"T3_2","domlow",408.81200870134,204.959678789127,0.0491815637726306,1.49771634465463,816.126301058024,1275,89,30,51
"T3_2","domlow",390.269978440931,191.637246685175,0.0447055797100907,9.43122037933279,771.10873650253,1265,89,30,52
"T3_2","domlow",390.410460679242,191.616713676177,0.0446081614120174,9.61250765832023,771.208413700164,1265,89,30,54
"T3_2","domlow",391.296983667776,191.541004378961,0.0440552437930515,10.6494869658837,771.944480369668,1283,89,30,55
"T3_2","domlow",393.589068839374,191.610853197032,0.0429323768588739,12.8027622892589,774.37537538949,1279,89,30,56
"T3_2","domlow",394.085467149805,192.639452831232,0.0437699717831943,11.255034971676,776.915899327933,1283,89,30,58
"T3_2","domlow",382.833967553397,191.28339323533,0.0484303017044927,2.69841886631042,762.969516240483,1281,89,30,59
"T3_2","domlow",381.396188344592,191.043060845964,0.0489826825807401,1.73824977908436,761.0541269101,1280,89,30,60
"T3_2","domlow",392.369238902198,192.334689799619,0.0443450433985036,10.144459207968,774.594018596427,1281,89,30,61
"T3_2","domlow",371.385481877836,198.338664131364,0.0644607976004486,-22.7709351545768,765.541898910249,1286,89,30,62
"T3_2","domlow",390.40260081918,191.434264935297,0.0444140719663293,9.96722633185959,770.837975306501,1285,89,29,65
"T3_2","domlow",422.66821481097,205.626281286821,0.0427929761846379,14.0291900667462,831.307239555193,1281,89,30,68
"T3_2","domlow",434.841194726506,201.77891089103,0.0338897624159507,33.8480101760903,835.834379276921,1283,89,30,69
"T3_2","domlow",324.138550105175,158.692998595073,0.0440894462799267,8.76956237751943,639.50753783283,1281,89,30,70
"T3_2","domlow",378.49001327012,192.570981364572,0.052514802123837,-4.20434625628525,761.184372796526,1292,89,30,71
"T3_2","domlow",281.804310888807,167.554024648489,0.0961393832486857,-51.1741041068075,614.782725884422,1282,89,30,72
"T3_2","domlow",400.723808603105,192.927676375094,0.0407105134224101,17.3205926974533,784.127024508757,1283,89,30,73
"T3_2","domlow",430.943863055041,200.383139484517,0.0342495147021514,32.7244808744105,829.163245235672,1283,89,30,74
"T3_2","domlow",405.008912346945,191.552922540867,0.0373143921527605,24.3377308026893,785.680093891201,1285,89,30,75
"T3_2","domlow",385.479287427482,192.180130431426,0.0479465689273378,3.56166199917698,767.396912855787,1286,89,30,77
"T3_2","domlow",392.524346442006,191.559065860454,0.0434300868429316,11.8409563409996,773.207736543012,1291,89,30,78
"T3_2","domlow",393.233944085468,191.709889561584,0.043221630964741,12.2508235718296,774.217064599106,1284,89,30,79
"T3_2","domlow",390.367336557261,191.419825803628,0.0444171696767448,9.9606568099644,770.774016304558,1283,89,30,80
"T3_2","domlow",393.183184278206,191.66067749948,0.043195567853064,12.297862396814,774.068506159599,1283,89,30,81
"T3_2","domlow",391.442456211434,191.458910079799,0.0438899496688147,10.9581046782271,771.926807744641,1280,89,30,82
"T3_2","domlow",391.055802965582,191.463094130578,0.044098619659899,10.5631365106689,771.548469420495,1280,89,30,83
"T3_2","domlow",414.387972639463,190.663758583982,0.0324364071430896,35.4838176148996,793.292127664027,1280,89,30,84
"T3_2","domlow",398.432298081973,191.014650714964,0.0398851244894177,18.8308186818592,778.033777482087,1282,89,30,85
"T3_2","domlow",395.547871067606,191.318674375812,0.0416257416033419,15.342208527621,775.753533607591,1281,89,30,86
"T3_2","domlow",386.532304407858,192.621044480043,0.0478513839919364,3.73845495947381,769.326153856242,1294,89,30,87
"T3_2","domlow",371.003285235194,189.388085576989,0.0532838870616173,-5.36573775173389,747.372308222122,1285,89,30,88
"T3_2","domlow",449.927379459753,195.142531209077,0.0234822407100315,62.122604990454,837.732153929052,1282,89,30,89
"T3_2","domlow",333.897657983771,184.620633721555,0.0739347387938835,-32.9970562497817,700.792372217324,1284,89,30,91
"T3_2","domlow",395.986198832922,190.799191274354,0.0408676922065711,16.8128997954138,775.15949787043,1288,89,30,92
"T3_2","domlow",391.228338783751,191.55637739834,0.0441081348253965,10.5502914362565,771.906386131246,1280,89,30,93
"T3_2","domlow",390.645351186137,191.556716984956,0.0444177821494697,9.96662898160031,771.324073390673,1280,89,30,94
"T3_2","domlow",393.459315327179,191.812138877905,0.0432135141626249,12.2729957835297,774.645634870828,1280,89,30,95
"T3_2","domlow",390.103006096487,191.547277605091,0.0446968852873475,9.44304267588717,770.762969517087,1280,89,30,97
"T3_2","domlow",396.283098795418,193.146020713146,0.043168371051228,12.4459693997125,780.120228191123,1283,89,30,98
"T3_2","domlow",415.85765149484,197.842833396949,0.0384144764333373,22.6865938556024,809.028709134078,1285,89,30,99
"T3_2","domlow",406.230933437496,192.629910472919,0.0377974998889862,23.4194646913287,789.042402183663,1281,89,30,100
"T3_2","domlow",383.044865268379,194.224629560071,0.0517298482361928,-2.9357725569389,769.025503093697,1289,89,30,101
"T3_2","domlow",390.44007955378,192.809676425619,0.0458978038517229,7.27136375176985,773.608795355791,1284,89,30,102
"T3_2","domlow",390.477026983427,191.762469343161,0.0447312241114974,9.38941520276484,771.564638764089,1270,89,30,103
"T3_2","domlow",403.306139550607,188.190013176648,0.0348666174472321,29.3180337022098,777.294245399005,1271,89,30,104
"T3_2","domlow",505.786428229465,203.929909394182,0.0150346161211355,100.518586154467,911.054270304462,1263,89,30,105
"T3_2","domlow",406.242697156644,187.97657870933,0.0334009568636744,32.6787474619539,779.806646851335,1272,89,30,106
"T3_2","domlow",368.272933835575,194.288755373564,0.0613095834882616,-17.8351405689707,754.381008240122,1269,89,30,107
"T3_2","domlow",398.453045489904,189.585510617246,0.0384372766721857,21.6916817214088,775.214409258399,1273,89,30,108
"T3_2","domlow",415.11887201464,206.786135761439,0.0477665980842308,4.17488022832993,826.06286380095,1268,89,30,109
"T3_2","domlow",372.786058167491,192.727573527248,0.0562938016715087,-10.2194953767135,755.791611711696,1269,89,30,111
"T3_2","domlow",344.488257646325,187.605281991657,0.0696989088155731,-28.3378178444895,717.314333137139,1274,89,30,112
"T3_2","domlow",296.942521683881,170.263152483739,0.0846473364242706,-41.4197156012577,635.304758969019,1267,89,30,113
"T3_2","domlow",436.373920533237,203.210776374374,0.0345112564714865,32.5352042199711,840.212636846504,1268,89,30,114
"T3_2","domlow",394.008072235797,191.328937222275,0.0424186335208448,13.7820144450509,774.234130026543,1268,89,30,119
"T3_2","domlow",399.30859329256,191.316616450111,0.039765603018146,19.1070204474614,779.510166137658,1273,89,30,120
"T3_2","domlow",385.92112103025,192.167559266913,0.0476827011272132,4.02847814977002,767.81376391073,1287,89,30,122
"T3_2","domlow",358.972268666747,200.194541114234,0.076389797573999,-38.8723138840963,756.81685121759,1280,89,30,123
"T3_2","domlow",401.055735510235,192.761837132025,0.0403798527746091,17.9820902515245,784.129380768945,1281,89,30,134
"T3_3","domlow",389.775888383791,163.282059945485,0.0191213798764693,65.2871055453726,714.264671222209,1288,89,14,2
"T3_3","domlow",386.060926685628,162.058422057754,0.0193616236327096,64.0038670197212,708.117986351536,1293,89,14,3
"T3_3","domlow",382.498565566111,163.655860758324,0.021697877999377,57.2669321608727,707.730198971349,1286,89,14,5
"T3_3","domlow",393.138866377304,163.585681307229,0.0183491746724665,68.0466998839462,718.231032870661,1286,89,14,6
"T3_3","domlow",380.947675792208,162.539823875632,0.0213455102774682,57.9339311727226,703.961420411694,1280,89,14,8
"T3_3","domlow",389.930302602656,163.158987778152,0.0189878386243446,65.6860998350213,714.174505370291,1288,89,14,9
"T3_3","domlow",395.094718838167,163.093808222327,0.0174643295750068,70.9800467412185,719.209390935115,1281,89,14,10
"T3_3","domlow",385.63316556853,163.242310875976,0.0203650979614755,61.2233756530828,710.042955483977,1288,89,14,11
"T3_3","domlow",389.904735602265,164.116215846411,0.0196819303034682,63.7582431962479,716.051228008282,1285,89,14,12
"T3_3","domlow",385.883898958465,163.517414418795,0.020491332073015,60.9273985605948,710.840399356335,1288,89,14,15
"T3_3","domlow",388.793396909371,164.35115056824,0.0201960335402365,62.1800211117652,715.406772706977,1283,89,14,17
"T3_3","domlow",388.563903110564,162.696391791087,0.019065678376808,65.2390126595358,711.888793561591,1283,89,14,18
"T3_3","domlow",394.107530094904,162.244787751519,0.0171700237587418,71.6801077746267,716.534952415182,1286,89,14,20
"T3_3","domlow",386.823214913302,162.817486241809,0.0196807070724148,63.2576746876662,710.388755138937,1290,89,14,22
"T3_3","domlow",378.365743493166,162.67910948691,0.0223261315340682,55.0751979900689,701.656288996262,1280,89,14,23
"T3_3","domlow",387.5357969823,163.409483164415,0.0198941718868775,62.7937872723585,712.277806692241,1288,89,14,24
"T3_3","domlow",388.360955927294,162.230264746575,0.0187944949459295,65.9623950275485,710.759516827039,1282,89,14,25
"T3_3","domlow",389.499093727249,164.893019430747,0.0203756089670009,61.808867431116,717.189320023381,1281,89,14,26
"T3_3","domlow",387.765251144951,164.228750765358,0.0204274268918032,61.3951192350708,714.135383054831,1284,89,14,27
"T3_3","domlow",412.968515148545,162.057381652047,0.0125600234394225,90.913523070356,735.023507226733,1284,89,14,29
"T3_3","domlow",379.46203892023,163.920493419888,0.0229448471724991,53.7045037087611,705.219574131698,1284,89,14,30
"T3_3","domlow",386.048085619665,162.361206176498,0.0195857252563602,63.3893061433471,708.706865095982,1291,89,14,33
"T3_3","domlow",395.719724184624,162.956242347218,0.0172015875119604,71.8784353570255,719.561013012222,1280,89,14,37
"T3_3","domlow",423.399673611133,158.98812837495,0.00920632212375582,107.444177463119,739.355169759148,1284,89,14,39
"T3_3","domlow",394.879418484268,162.286494086819,0.0169878151966808,72.3691135865486,717.389723381988,1281,89,14,41
"T3_3","domlow",392.60710699505,162.27823953267,0.0176067411732464,70.113206289129,715.10100770097,1285,89,14,42
"T3_3","domlow",387.141670461771,162.913258954228,0.0196528041291354,63.385802095417,710.897538828125,1280,89,14,45
"T3_3","domlow",392.083544978272,166.294744261781,0.0206021579798072,61.6076851321442,722.5594048244,1274,89,14,46
"T3_3","domlow",388.780347741627,165.20591966417,0.0208354472945465,60.4682979829103,717.092397500344,1265,89,14,47
"T3_3","domlow",385.510797766069,164.778571504802,0.0215696907305233,58.0480126732172,712.973582858921,1265,89,14,48
"T3_3","domlow",383.364821684971,164.372676061062,0.0219678737118884,56.7086684936457,710.020974876297,1271,89,14,49
"T3_3","domlow",388.065826963567,165.936437955576,0.0216200658305929,58.3020256082661,717.829628318869,1275,89,14,51
"T3_3","domlow",414.771553096105,162.32247755572,0.012329420429304,92.1897386153375,737.353367576873,1265,89,14,52
"T3_3","domlow",398.388463648255,163.867665922036,0.0170786336599134,72.7359119878521,724.041015308657,1265,89,14,54
"T3_3","domlow",391.68567845718,164.156528345018,0.019174226938281,65.4590734312557,717.912283483104,1283,89,14,55
"T3_3","domlow",403.888652628827,163.838543911421,0.0156367010701313,78.2939748449645,729.48333041269,1279,89,14,56
"T3_3","domlow",371.714433893299,164.400342426824,0.0262229065125144,45.0032996136976,698.425568172901,1283,89,14,58
"T3_3","domlow",365.346856922851,164.127843162148,0.0285695391988252,39.1772576701138,691.516456175588,1281,89,14,59
"T3_3","domlow",346.869371218287,160.256003684977,0.0331361227328016,28.3942393167863,665.344503119788,1280,89,14,60
"T3_3","domlow",362.08801234628,162.80877159117,0.0287075623877219,38.5397906575357,685.636234035025,1281,89,14,61
"T3_3","domlow",390.890190717443,162.147754115941,0.018002198542433,68.6556023576966,713.124779077189,1286,89,14,62
"T3_3","domlow",378.371978423644,162.006473939626,0.0217895098721747,56.4181547263894,700.325802120898,1285,89,14,65
"T3_3","domlow",348.793835508889,160.98881099611,0.0329702144250763,28.8624030650986,668.72526795268,1281,89,14,68
"T3_3","domlow",377.175887240635,164.651436248207,0.0243671320544475,49.9657567546784,704.386017726592,1283,89,14,69
"T3_3","domlow",327.747108879645,150.339447130067,0.031923474346335,28.9790493137425,626.515168445548,1281,89,14,70
"T3_3","domlow",398.692002239032,161.170026077922,0.0152908011733349,78.4004428998015,718.983561578262,1292,89,14,71
"T3_3","domlow",420.014173113826,156.51927574741,0.0087041098408333,108.965002770283,731.063343457369,1282,89,14,72
"T3_3","domlow",394.84472594072,161.478512939601,0.0164701074783292,73.9401137878421,715.749338093597,1283,89,14,73
"T3_3","domlow",394.917433825818,165.158704331329,0.0189268790548097,66.6992146195196,723.135653032117,1283,89,14,74
"T3_3","domlow",399.481097632227,161.347427402536,0.015204307316057,78.8369904385839,720.12520482587,1285,89,14,75
"T3_3","domlow",378.445818821149,161.268821329399,0.0211869986201194,57.9579246799658,698.933712962332,1286,89,14,77
"T3_3","domlow",385.180194732687,161.929614045263,0.0195370768690384,63.3791139245126,706.981275540862,1291,89,14,78
"T3_3","domlow",394.891215041098,161.313389274463,0.0163513376804566,74.3147514743932,715.467678607803,1284,89,14,79
"T3_3","domlow",373.043027196154,160.379679503941,0.0223172752477371,54.3221155931018,691.763938799207,1283,89,14,80
"T3_3","domlow",366.454427725073,159.952142832214,0.0243507135935609,48.5831554165874,684.325700033558,1283,89,14,81
"T3_3","domlow",337.492235152391,150.174688866145,0.027119435092245,39.0515980145269,635.932872290254,1280,89,14,82
"T3_3","domlow",400.107127289252,165.553415747281,0.0177230609986714,71.104502086499,729.109752492005,1280,89,14,83
"T3_3","domlow",354.243454148772,159.001072654772,0.0284348514196271,38.2622339646598,670.224674332885,1280,89,14,84
"T3_3","domlow",404.251447716037,164.797103396701,0.0161384009221083,76.7518343822378,731.751061049836,1282,89,14,85
"T3_3","domlow",376.463429577699,164.967127921324,0.0248981358450405,48.6259282293454,704.300930926052,1281,89,14,86
"T3_3","domlow",386.748908364372,161.802193494255,0.0189695222817551,65.2010491257876,708.296767602957,1294,89,14,87
"T3_3","domlow",374.969002152563,160.99055133204,0.0221424193147961,55.0341111568176,694.903893148309,1285,89,14,88
"T3_3","domlow",408.566920134282,165.281121368313,0.0153622089198902,80.1054227911029,737.028417477462,1282,89,14,89
"T3_3","domlow",381.020325941694,163.801716206776,0.0223112518407605,55.4988354820172,706.541816401372,1284,89,14,91
"T3_3","domlow",385.894909184085,160.932306642631,0.0186040486461892,66.0757672692816,705.714051098888,1288,89,14,92
"T3_3","domlow",415.824465175889,163.548867931726,0.0127547578642745,90.8054575305579,740.843472821221,1280,89,14,93
"T3_3","domlow",413.078062987064,164.128244711696,0.0136547484118014,86.9076657389807,739.248460235146,1280,89,14,94
"T3_3","domlow",405.635490878645,165.295082831356,0.0160972389928494,77.1462480614635,734.124733695827,1280,89,14,95
"T3_3","domlow",413.451009227165,165.017845506377,0.0140683732972555,85.5127173360669,741.389301118264,1280,89,14,97
"T3_3","domlow",399.451434831465,164.494455632461,0.0172025739306902,72.5532703321535,726.349599330776,1283,89,14,98
"T3_3","domlow",391.442128516485,161.3448751492,0.0173021297921647,70.8030933900305,712.08116364294,1285,89,14,99
"T3_3","domlow",402.512507665175,165.277705357613,0.0168938368375796,74.057798925438,730.967216404911,1281,89,14,100
"T3_3","domlow",380.81555067619,161.42655001968,0.0205344582109036,60.0142039074176,701.616897444962,1289,89,14,101
"T3_3","domlow",386.206399812391,164.509492110745,0.0211364757657515,59.278353472184,713.134446152598,1284,89,14,102
"T3_3","domlow",371.781873721457,162.167792424277,0.0242572556975161,49.5074634346464,694.056284008267,1270,89,14,103
"T3_3","domlow",384.544757880829,162.114487068692,0.0198692204290717,62.3762807869135,706.713234974745,1271,89,14,104
"T3_3","domlow",419.88668151483,167.568946549774,0.0140586629285436,86.8786123760271,752.894750653632,1263,89,14,105
"T3_3","domlow",383.782151951136,162.275702087081,0.020228078228417,61.2932938851176,706.271010017155,1272,89,14,106
"T3_3","domlow",354.657214183261,159.525464697057,0.0287639245244161,37.6338750083171,671.680553358204,1269,89,14,107
"T3_3","domlow",382.152576928132,162.17310883316,0.0206707341796926,59.8676013958321,704.437552460432,1273,89,14,108
"T3_3","domlow",412.033353861557,168.481415972241,0.016453584376679,77.2119434875182,746.854764235597,1268,89,14,109
"T3_3","domlow",374.527470866974,162.101705096921,0.023202181820456,52.3843952560124,696.670546477936,1269,89,14,111
"T3_3","domlow",364.935986503532,161.198767096668,0.02603932552464,44.5873104290431,685.284662578022,1274,89,14,112
"T3_3","domlow",335.024698938279,160.070293952362,0.0392290674524165,16.9186261062032,653.130771770355,1267,89,14,113
"T3_3","domlow",432.289879020029,165.197324617432,0.0104460607721437,103.994910110582,760.584847929476,1268,89,14,114
"T3_3","domlow",391.930141427843,161.168949242424,0.0170505585532095,71.6407220728854,712.219560782801,1268,89,14,119
"T3_3","domlow",404.770055407729,160.444195058308,0.0134394449159782,85.9209326973573,723.6191781181,1273,89,14,120
"T3_3","domlow",386.99807913831,163.349830857975,0.0200170369211811,62.3746158523705,711.621542424248,1287,89,14,122
"T3_3","domlow",382.585297893627,163.181789844404,0.021301716904175,58.2957808108337,706.874814976421,1280,89,14,123
"T3_3","domlow",383.473561832685,162.022868298534,0.0201367087304462,61.4871577921326,705.459965873238,1281,89,14,134
"T3_4","domlow",505.084713063507,199.008420651602,0.01314115292276,108.889382140422,901.280043986592,1120,79,10,2
"T3_4","domlow",504.417947423566,198.921240191573,0.0132188943110164,108.396179463787,900.439715383345,1125,79,10,3
"T3_4","domlow",495.54952218851,198.922327505425,0.0148557047653007,99.5255895531344,891.573454823885,1118,79,10,5
"T3_4","domlow",509.063372703436,199.700097729201,0.0127607959593441,111.491018497847,906.635726909024,1118,79,10,6
"T3_4","domlow",503.034768074701,200.734850649504,0.0142935265303551,103.402379050785,902.667157098618,1112,79,10,8
"T3_4","domlow",506.689948626796,199.547591298345,0.0131001245794045,109.421211402052,903.95868585154,1120,79,10,9
"T3_4","domlow",517.545574174967,202.458081104744,0.012521096596938,114.482496850347,920.608651499587,1113,79,10,10
"T3_4","domlow",504.215436083038,201.087224898382,0.0142383530254998,103.881523818616,904.549348347459,1120,79,10,11
"T3_4","domlow",496.892115478313,199.223038168181,0.0147409429000966,100.26951390143,893.514717055196,1117,79,10,12
"T3_4","domlow",501.383341676316,201.002047277413,0.0147306112282746,101.219005028929,901.547678323703,1120,79,10,15
"T3_4","domlow",512.491472898012,203.802147513104,0.0139724782272838,106.752564904021,918.230380892004,1115,79,10,17
"T3_4","domlow",506.619676847053,198.563887687813,0.0126841441442805,111.309343071917,901.930010622189,1115,79,10,18
"T3_4","domlow",512.753662007452,198.04374064098,0.0114761508158205,118.478861455853,907.028462559051,1118,79,10,20
"T3_4","domlow",499.558781172082,200.597797723457,0.0148874611815273,100.199243564256,898.918318779907,1112,79,10,23
"T3_4","domlow",494.980795729367,199.157498408454,0.0150813460633548,98.4886737910265,891.472917667707,1114,79,10,25
"T3_4","domlow",504.877514778537,203.060021248636,0.0150432781595288,100.616066682851,909.138962874222,1113,79,10,26
"T3_4","domlow",503.022204233219,200.244550443753,0.0140683568800937,104.365927936759,901.67848052968,1116,79,10,27
"T3_4","domlow",532.683614396894,201.248765751281,0.00982426824992304,132.028098998985,933.339129794802,1116,79,10,29
"T3_4","domlow",502.256399860039,202.22609007126,0.0151494962860704,99.6551812044214,904.857618515657,1116,79,10,30
"T3_4","domlow",506.229229896059,199.120696635472,0.0129924688535763,109.810374659587,902.64808513253,1123,79,10,33
"T3_4","domlow",524.315634568126,199.056903430858,0.0101728103055744,128.023781846071,920.60748729018,1112,79,10,37
"T3_4","domlow",547.592014046723,197.949090932917,0.00707523106997608,153.505646588986,941.678381504461,1116,79,10,39
"T3_4","domlow",508.694628601256,199.171638629452,0.012596145207496,112.174355645391,905.214901557121,1113,79,10,41
"T3_4","domlow",512.778196126675,199.957270361593,0.0122542723010501,114.693850539711,910.862541713639,1117,79,10,42
"T3_4","domlow",509.590847708701,203.014205273702,0.0141390233542973,105.420612212416,913.761083204986,1112,79,10,45
"T3_4","domlow",519.363742884428,205.723082474327,0.0136135779730908,109.800547153508,928.926938615348,1106,79,10,46
"T3_4","domlow",505.400493386684,202.489581707255,0.0146726183238468,102.27470317989,908.526283593478,1097,79,10,48
"T3_4","domlow",516.744554529797,206.108403732821,0.0142494095844931,106.414243100853,927.074865958741,1103,79,10,49
"T3_4","domlow",503.810018976672,200.312005133799,0.0139551292476158,105.019450708256,902.600587245087,1107,79,10,51
"T3_4","domlow",544.078073466272,204.035524810167,0.00931276538156735,137.874546964497,950.281599968048,1097,79,10,52
"T3_4","domlow",501.053462589015,199.57080529304,0.0141193993133872,103.738509850978,898.368415327052,1115,79,10,55
"T3_4","domlow",514.756889290898,199.807163530868,0.0118751537720542,116.971383447891,912.542395133904,1111,79,10,56
"T3_4","domlow",509.134255718865,204.142013873069,0.0147459313977038,102.71872577835,915.54978565938,1115,79,10,58
"T3_4","domlow",461.934100995817,197.083036981091,0.0216326025023577,69.5719145095064,854.296287482127,1113,79,10,59
"T3_4","domlow",483.712510740877,204.795292660127,0.0206745410246016,75.9964026420308,891.428618839723,1112,79,10,60
"T3_4","domlow",491.647155406396,204.619024814504,0.0186488946891664,84.2819696313351,899.012341181458,1113,79,10,61
"T3_4","domlow",506.149051426897,196.762701635398,0.0119984867136224,114.424603624596,897.873499229197,1118,79,10,62
"T3_4","domlow",450.55604727964,194.208926206258,0.0229596678992611,63.9157758048445,837.196318754435,1113,79,10,68
"T3_4","domlow",476.806976646382,199.9273940134,0.0195116862169491,78.7821102996443,874.83184299312,1115,79,10,69
"T3_4","domlow",410.284384874316,171.732133797066,0.0193057399553461,68.3919696836494,752.176800064983,1113,79,10,70
"T3_4","domlow",518.673998421362,196.999483168996,0.0102038575499383,126.478154796949,910.869842045775,1124,79,10,71
"T3_4","domlow",556.866832431082,192.215987888828,0.00488630790692567,174.194196363865,939.539468498298,1114,79,10,72
"T3_4","domlow",511.989654838081,199.296074317126,0.012107135503119,115.221649458153,908.757660218009,1115,79,10,73
"T3_4","domlow",519.545665794351,202.614451861179,0.0122617679716898,116.171278207634,922.920053381067,1115,79,10,74
"T3_4","domlow",487.659968763237,196.932760112878,0.0154416277088479,95.5969605395183,879.722976986956,1118,79,10,77
"T3_4","domlow",495.48131246388,197.897931426096,0.0143775705204109,101.496795760339,889.465829167421,1123,79,10,78
"T3_4","domlow",490.536590907536,197.321984499781,0.0150579820247108,97.6986964540401,883.374485361031,1115,79,10,80
"T3_4","domlow",482.90500634208,197.938034609486,0.0169703414474715,88.8406503334369,876.969362350723,1112,79,10,82
"T3_4","domlow",518.481783580444,205.088149206628,0.0134884583094742,110.182642884415,926.780924276473,1112,79,10,83
"T3_4","domlow",467.248421441532,195.523318388773,0.0192746106869432,77.9913961429093,856.505446740155,1112,79,10,84
"T3_4","domlow",527.280670932033,202.371371801539,0.0109830851653037,124.390218569538,930.171123294527,1114,79,10,85
"T3_4","domlow",508.065437583335,205.281154258662,0.0154938554910269,99.3820533451977,916.748821821472,1113,79,10,86
"T3_4","domlow",502.987773590408,198.429918150116,0.013251255510189,107.944152676706,898.03139450411,1126,79,10,87
"T3_4","domlow",491.082631141521,197.741635234621,0.0151566619703939,97.4092762526461,884.755986030397,1117,79,10,88
"T3_4","domlow",530.115336976943,201.649843703695,0.0103139876253528,128.661336713106,931.56933724078,1114,79,10,89
"T3_4","domlow",487.266868480478,200.063209864581,0.0171503419242988,88.9716135445177,885.562123416438,1116,79,10,91
"T3_4","domlow",506.740017754348,198.483337800186,0.0126292000118373,111.590046486888,901.889989021808,1120,79,10,92
"T3_4","domlow",536.947850098546,201.606876839037,0.00939532163493557,135.579390291271,938.316309905822,1112,79,10,93
"T3_4","domlow",536.629807187524,202.415387449147,0.00971203097010743,133.651726402007,939.607887973042,1112,79,10,94
"T3_4","domlow",522.650822309519,203.628593267412,0.0121813993284654,117.257434276843,928.044210342195,1112,79,10,95
"T3_4","domlow",534.260318155872,205.586690508879,0.0111849243834221,124.968657969575,943.551978342169,1112,79,10,97
"T3_4","domlow",516.805187409323,202.435461758398,0.0126332996515789,113.787141744075,919.823233074571,1115,79,10,98
"T3_4","domlow",502.663750535114,198.459431161228,0.0133215223989729,107.561373729747,897.766127340481,1117,79,10,99
"T3_4","domlow",532.251124986637,201.119382846742,0.00983618553349814,131.853191164984,932.64905880829,1113,79,10,100
"T3_4","domlow",464.607812206309,192.716741412408,0.0182691161118368,80.9382524544757,848.277371958141,1121,79,10,101
"T3_4","domlow",516.45985906483,202.147929816826,0.0125691980871891,114.01424552265,918.90547260701,1116,79,10,102
"T3_4","domlow",523.233727622276,198.946144825279,0.0102824235630929,127.162378345482,919.305076899069,1102,79,10,103
"T3_4","domlow",498.252645379112,198.035305322949,0.0139240074706328,103.994638255692,892.510652502533,1103,79,10,104
"T3_4","domlow",576.763124095318,203.972070384505,0.00595585113413059,170.685925650874,982.840322539761,1095,79,10,105
"T3_4","domlow",498.327060367425,197.664103238226,0.0137390653111357,104.808059826311,891.846060908539,1104,79,10,106
"T3_4","domlow",457.862774862066,195.959660281626,0.0220327217153419,67.7370595850555,847.988490139076,1101,79,10,107
"T3_4","domlow",491.143936300209,197.034599258356,0.0147975216761036,98.8781819122249,883.409690688194,1105,79,10,108
"T3_4","domlow",546.221659582495,204.311639617749,0.00913966010530952,139.468430725389,952.9748884396,1100,79,10,109
"T3_4","domlow",461.671273396872,195.711025165324,0.0208302657511777,72.040552612355,851.301994181389,1106,79,10,112
"T3_4","domlow",469.214625841358,202.027856156187,0.022813642849696,67.0080605945037,871.421191088212,1099,79,10,113
"T3_4","domlow",493.31321180349,199.845667018552,0.0157568952911179,95.4510514048893,891.175372202091,1100,79,10,119
"T3_4","domlow",518.966536645538,199.32675046451,0.0110395393860847,122.137459747509,915.795613543568,1105,79,10,120
"T3_4","domlow",502.750199327349,200.512396167313,0.0142427862439796,103.560683157245,901.939715497452,1119,79,10,122
"T3_4","domlow",493.225034625759,200.317980755135,0.0160139086550536,94.422569809123,892.027499442396,1112,79,10,123
"T3_4","domlow",508.228960763531,199.746876940782,0.0129226834093263,110.563476301685,905.894445225377,1113,79,10,134
"T3_5","domlow",672.765200020009,256.706104841408,0.0103346005541066,162.615759628392,1182.91464041163,1288,89,16,2
"T3_5","domlow",668.462532059243,255.436070253051,0.0104421692980401,160.837018533052,1176.08804558544,1293,89,16,3
"T3_5","domlow",665.603563420727,258.499497843997,0.0116978258487119,151.890131291406,1179.31699555005,1286,89,16,5
"T3_5","domlow",679.885954769678,258.28025303786,0.0100136477922087,166.608225621508,1193.16368391785,1286,89,16,6
"T3_5","domlow",660.431817748895,255.955185787032,0.0115296965488701,151.774671183348,1169.08896431444,1280,89,16,8
"T3_5","domlow",681.836099920405,258.099786409902,0.00976025151818578,168.917010272916,1194.75518956789,1288,89,16,9
"T3_5","domlow",667.077876186864,256.102341938673,0.0107935331656332,158.128287692612,1176.02746468112,1281,89,16,10
"T3_5","domlow",663.849013987169,253.882939450208,0.0105036142133751,159.310021564225,1168.38800641011,1288,89,16,11
"T3_5","domlow",668.554766770539,255.569058864316,0.0104705652161054,160.664966325043,1176.44456721604,1285,89,16,12
"T3_5","domlow",664.683705972153,254.534234871889,0.0106012025211923,158.850400758692,1170.51701118561,1288,89,16,15
"T3_5","domlow",716.03594179769,268.828645617834,0.00919494081336193,181.795498985078,1250.2763846103,1283,89,16,17
"T3_5","domlow",660.44608802965,253.968359140905,0.0109175697423466,155.737341921128,1165.15483413817,1283,89,16,18
"T3_5","domlow",671.66789804384,255.718465526357,0.0101720827245095,163.481183253132,1179.85461283455,1286,89,16,20
"T3_5","domlow",666.659573023938,255.937382592736,0.0107922359408873,158.037806565977,1175.2813394819,1290,89,16,22
"T3_5","domlow",679.31428600099,265.945028633796,0.0123587793751108,150.804425994811,1207.82414600717,1280,89,16,23
"T3_5","domlow",664.03066615494,254.358183175068,0.0106230542034666,158.547226694257,1169.51410561562,1288,89,16,24
"T3_5","domlow",659.584668946459,254.468609468494,0.0111708672111078,153.88178043204,1165.28755746088,1282,89,16,25
"T3_5","domlow",649.910340723887,250.791115906509,0.0111879607063786,151.515697893182,1148.30498355459,1281,89,16,26
"T3_5","domlow",661.18692554675,253.458823206618,0.0106794944402177,157.490775036203,1164.8830760573,1284,89,16,27
"T3_5","domlow",674.338478173665,252.467245443279,0.00900846858801649,172.612880102393,1176.06407624494,1284,89,16,29
"T3_5","domlow",664.582316897338,259.2045881769,0.0120460416117699,149.467665895648,1179.69696789903,1284,89,16,30
"T3_5","domlow",668.727942301928,255.445176693729,0.0104154019396546,161.084331638474,1176.37155296538,1291,89,16,33
"T3_5","domlow",672.864796166654,254.13460876236,0.00960368121280095,167.825663870381,1177.90392846293,1280,89,16,37
"T3_5","domlow",704.326014212279,251.841954167129,0.00633979414070452,203.843051156668,1204.80897726789,1284,89,16,39
"T3_5","domlow",667.204095457568,253.332701337291,0.00997689313238186,163.758585659668,1170.64960525547,1281,89,16,41
"T3_5","domlow",672.652394451297,255.6118623904,0.0100360201121644,164.677530992236,1180.62725791036,1285,89,16,42
"T3_5","domlow",665.157947234175,254.39147619432,0.0105059414949089,159.608344893763,1170.70754957459,1280,89,16,45
"T3_5","domlow",675.298335460373,264.259631176765,0.0123227283595067,150.137848738765,1200.45882218198,1274,89,16,46
"T3_5","domlow",679.259192624707,257.451621719554,0.00985014299093758,167.628194097088,1190.89019115232,1265,89,16,47
"T3_5","domlow",669.328251167885,256.70249064339,0.0107156313179567,159.185993235359,1179.47050910041,1265,89,16,48
"T3_5","domlow",711.038299353845,265.871438179698,0.00892516976543562,182.674684911245,1239.40191379645,1271,89,16,49
"T3_5","domlow",676.81241163335,261.841436732907,0.0113893309204752,156.457578221211,1197.16724504549,1275,89,16,51
"T3_5","domlow",694.523323586293,258.104281642213,0.00852804351326529,181.595300609194,1207.45134656339,1265,89,16,52
"T3_5","domlow",675.125753294087,250.633217899493,0.00846184860350812,177.044899572403,1173.20660701577,1265,89,16,54
"T3_5","domlow",655.968784712863,251.232234839688,0.0106117462020525,156.697510697067,1155.24005872866,1283,89,16,55
"T3_5","domlow",673.113744441992,254.85701842989,0.00977655480212423,166.638974735181,1179.5885141488,1279,89,16,56
"T3_5","domlow",667.905256063482,254.962786680909,0.0103666994464677,161.2202941834,1174.59021794356,1283,89,16,58
"T3_5","domlow",662.011523037566,253.932776455862,0.0107264827589101,157.373490038392,1166.64955603674,1281,89,16,59
"T3_5","domlow",659.464817972875,258.101305966202,0.0123350138611532,146.542708526554,1172.3869274192,1280,89,16,60
"T3_5","domlow",670.259493644429,255.117817239828,0.0101537390110678,163.266441105867,1177.25254618299,1281,89,16,61
"T3_5","domlow",673.143520690697,262.459977814845,0.0120197048387797,151.559466855443,1194.72757452595,1286,89,16,62
"T3_5","domlow",656.954003385007,253.735295120502,0.0112578121950379,152.708423042088,1161.19958372793,1285,89,16,65
"T3_5","domlow",591.938394402125,265.389492827556,0.0282608606916564,64.5325450732378,1119.34424373101,1281,89,16,68
"T3_5","domlow",638.487569034991,262.120531908703,0.0168727129586264,117.57809260867,1159.39704546131,1283,89,16,69
"T3_5","domlow",480.0007685631,197.149271208517,0.0169228368655824,88.208020031564,871.793517094637,1281,89,16,70
"T3_5","domlow",674.189365851468,254.746423236116,0.00963417544225028,167.934380852343,1180.44435085059,1292,89,16,71
"T3_5","domlow",702.80606639341,251.156218546643,0.00631135224219365,203.685858786345,1201.92627400047,1282,89,16,72
"T3_5","domlow",664.197037087066,252.690314704996,0.010119329247119,162.028135732829,1166.3659384413,1283,89,16,73
"T3_5","domlow",678.817280950701,257.293056004305,0.00985260366333105,167.501398461908,1190.1331634395,1283,89,16,74
"T3_5","domlow",682.921801252504,258.19511289644,0.00967450803126989,169.813270244468,1196.03033226054,1285,89,16,75
"T3_5","domlow",651.154136339395,254.566036409316,0.0122418986640715,145.257632252918,1157.05064042587,1286,89,16,77
"T3_5","domlow",658.625267611419,253.829294770246,0.01108835594146,154.192882717266,1163.05765250557,1291,89,16,78
"T3_5","domlow",669.120661554647,253.769599583865,0.0098951329036416,164.806908299368,1173.43441480993,1284,89,16,79
"T3_5","domlow",650.645471197628,252.59857832907,0.0116685201131891,148.658876613505,1152.63206578175,1283,89,16,80
"T3_5","domlow",663.232517719629,262.758014315893,0.0133929059510392,141.056178966492,1185.40885647277,1283,89,16,81
"T3_5","domlow",633.061830991543,246.644105474768,0.0119569690930157,142.908499961185,1123.2151620219,1280,89,16,82
"T3_5","domlow",702.986607629696,265.005219001319,0.00947168828000407,176.344421781012,1229.62879347838,1280,89,16,83
"T3_5","domlow",576.841727865102,255.775730528999,0.0265971302142297,68.5412109150335,1085.14224481517,1280,89,16,84
"T3_5","domlow",708.575517967981,260.720324661253,0.00791478743059749,190.448659213181,1226.70237672278,1282,89,16,85
"T3_5","domlow",679.990176745062,267.47221558892,0.0127624165573577,148.445353581265,1211.53499990886,1281,89,16,86
"T3_5","domlow",667.05787499612,255.025195199135,0.0104788301375791,160.248889300288,1173.86686069195,1294,89,16,87
"T3_5","domlow",663.087145656802,253.020089113221,0.0103365856275499,160.262886963419,1165.91140435018,1285,89,16,88
"T3_5","domlow",701.640695669269,261.482353195844,0.00870763291415205,181.999465330964,1221.28192600757,1282,89,16,89
"T3_5","domlow",640.40046789213,261.231963567649,0.0162040130581722,121.256834324196,1159.54410146006,1284,89,16,91
"T3_5","domlow",679.691159379489,257.914420169131,0.0099326862476071,167.140446183567,1192.24187257541,1288,89,16,92
"T3_5","domlow",697.046162296863,259.292001886625,0.00858946418961488,181.75779491579,1212.33452967794,1280,89,16,93
"T3_5","domlow",693.393458428966,257.307488112699,0.00843555452638157,182.048895157432,1204.7380217005,1280,89,16,94
"T3_5","domlow",682.989363755294,260.224406405296,0.0102268533898421,165.848038324342,1200.13068918625,1280,89,16,95
"T3_5","domlow",729.637397703876,259.993765065849,0.00616804243143909,212.954423469218,1246.32037193853,1280,89,16,97
"T3_5","domlow",674.907470436529,258.035952663248,0.0104816404395694,162.115236946801,1187.69970392626,1283,89,16,98
"T3_5","domlow",676.87147110249,255.818614573388,0.00965019624692919,168.485731125644,1185.25721107934,1285,89,16,99
"T3_5","domlow",718.334673036321,264.402819873808,0.00793556055800856,192.889628868321,1243.77971720432,1281,89,16,100
"T3_5","domlow",663.349371089138,255.356085001763,0.0109993510826833,155.882811442167,1170.81593073611,1289,89,16,101
"T3_5","domlow",671.950279189828,259.051377768238,0.0111143711782805,157.14010168046,1186.7604566992,1284,89,16,102
"T3_5","domlow",683.223026488587,259.737648892608,0.0100662182636923,167.04902932923,1199.39702364794,1270,89,16,103
"T3_5","domlow",677.02762562479,254.497219729152,0.00927822737929726,171.267880229335,1182.78737102025,1271,89,16,104
"T3_5","domlow",711.201790578649,259.968769762255,0.00752798473413474,194.568489257493,1227.83509189981,1263,89,16,105
"T3_5","domlow",669.836280773912,253.464384201587,0.00973443604200421,166.129078954424,1173.5434825934,1272,89,16,106
"T3_5","domlow",656.693067611415,254.039977536065,0.0113837814064097,151.841994992055,1161.54414023078,1269,89,16,107
"T3_5","domlow",672.675164662669,255.003118530726,0.00986321099622959,165.910051706216,1179.44027761912,1273,89,16,108
"T3_5","domlow",722.61558785878,269.467228444338,0.00874794716292961,187.106095867201,1258.12507985036,1268,89,16,109
"T3_5","domlow",666.30402043382,267.913686059255,0.0147686991902895,133.881867478703,1198.72617338894,1269,89,16,111
"T3_5","domlow",622.249093886971,240.222848228354,0.0112224354960548,144.856662301887,1099.64152547206,1274,89,16,112
"T3_5","domlow",592.670353767707,245.736013683168,0.017950800873186,104.321664351133,1081.01904318428,1267,89,16,113
"T3_5","domlow",693.532601702614,259.931950108497,0.00907967219372151,176.972471706198,1210.09273169903,1268,89,16,114
"T3_5","domlow",651.424906773751,254.955027219602,0.0123351397119929,144.755365192482,1158.09444835502,1268,89,16,119
"T3_5","domlow",675.89207459266,256.15968365491,0.00984578676100226,166.828531486897,1184.95561769842,1273,89,16,120
"T3_5","domlow",664.294098809271,254.383745214753,0.0106008211288556,158.759860166197,1169.82833745235,1287,89,16,122
"T3_5","domlow",661.32818008114,256.432871792326,0.0115703914149973,151.721732958699,1170.93462720358,1280,89,16,123
"T3_5","domlow",671.746895294783,255.779660967978,0.0101809293145948,163.438567423168,1180.0552231664,1281,89,16,134
"T3_6","domlow",376.81148457376,170.516298989916,0.0301277776150176,37.1988423775647,716.424126769956,1115,77,19,2
"T3_6","domlow",371.175193869497,167.851603624051,0.0300192758369562,36.8697524465417,705.480635292453,1120,77,19,3
"T3_6","domlow",353.12655556418,167.250263786367,0.0380283470340541,20.018786225028,686.234324903333,1113,77,19,5
"T3_6","domlow",372.632961452836,167.745052707521,0.0292991932113889,38.5397345718657,706.726188333806,1113,77,19,6
"T3_6","domlow",353.731007498983,172.046138777328,0.0432141640547968,11.0714253010538,696.390589696912,1107,77,19,8
"T3_6","domlow",372.827390369168,169.676816949188,0.0310472661126702,34.8867215597785,710.768059178558,1115,77,19,9
"T3_6","domlow",376.618598408653,168.303896087969,0.0281681304342839,41.4123384737638,711.824858343542,1108,77,19,10
"T3_6","domlow",363.7334430333,167.650531451924,0.0331634833655279,29.8284715481308,697.638414518469,1115,77,19,11
"T3_6","domlow",362.628914007562,168.985150116043,0.0350715672759376,26.0658190847477,699.192008930376,1112,77,19,12
"T3_6","domlow",367.54434121281,171.157692672238,0.0349495227684339,26.6542527875341,708.434429638086,1115,77,19,15
"T3_6","domlow",376.684685008582,169.249087993151,0.0290041896317249,39.5959122452839,713.773457771881,1110,77,19,17
"T3_6","domlow",380.453883458105,169.382962257325,0.0276014147640712,43.0984769897149,717.809289926495,1110,77,19,18
"T3_6","domlow",398.841179680886,169.269730355739,0.0210391617957996,61.7112940894223,735.97106527235,1113,77,19,20
"T3_6","domlow",363.779673156767,168.097803657453,0.0335983803680399,28.9838818707919,698.575464442743,1107,77,19,23
"T3_6","domlow",367.569483840229,169.203710429356,0.0329473515330073,30.5710883278333,704.567879352625,1115,77,19,24
"T3_6","domlow",367.705362377424,168.273002716269,0.0319577588752244,32.5606319247682,702.85009283008,1109,77,19,25
"T3_6","domlow",361.108770483438,172.424347205515,0.0395665247986704,17.6959209183535,704.521620048523,1108,77,19,26
"T3_6","domlow",419.216671534034,166.269660005707,0.0137862532677941,88.0619438857372,750.371399182331,1111,77,19,29
"T3_6","domlow",361.21203268985,169.159962426936,0.0359559980969347,24.3007688756014,698.123296504098,1111,77,19,30
"T3_6","domlow",372.656603372755,168.353027108228,0.0298600934256191,37.3524905305317,707.960716214978,1118,77,19,33
"T3_6","domlow",395.779245499165,168.933821569778,0.0217578107639643,59.3183802360388,732.24011076229,1107,77,19,37
"T3_6","domlow",401.756533498305,164.962133843322,0.0172170824556103,73.2059698940232,730.307097102586,1111,77,19,39
"T3_6","domlow",377.327917557145,171.216779247685,0.0305662479553216,36.3201480179539,718.335687096337,1107,77,19,45
"T3_6","domlow",382.23387183667,172.942559130927,0.0301023733256019,37.7889137737505,726.678829899589,1092,77,19,47
"T3_6","domlow",374.09007735831,169.321409004117,0.0301623521017701,36.8572648183683,711.322889898251,1102,77,19,51
"T3_6","domlow",379.176697872426,170.492535115928,0.0291173867738409,39.6113855331504,718.742010211701,1092,77,19,52
"T3_6","domlow",390.029059547411,167.672962016955,0.0226797710294825,56.0794137202523,723.97870537457,1092,77,19,54
"T3_6","domlow",367.598348323256,168.492219775118,0.0322235854964641,32.0170092589233,703.179687387588,1110,77,19,55
"T3_6","domlow",392.12850330774,170.741136881568,0.0243959359663015,52.0680576411293,732.18894897435,1106,77,19,56
"T3_6","domlow",358.556740287293,168.683467844066,0.0367835806852476,22.5944976823895,694.518982892196,1110,77,19,58
"T3_6","domlow",312.645748645671,168.872705343911,0.0680010928446801,-23.693393104391,648.984890395732,1108,77,19,59
"T3_6","domlow",319.766654839633,169.155891999966,0.0625212258733598,-17.1365020167097,656.669811695976,1107,77,19,60
"T3_6","domlow",345.264193775648,170.405805048392,0.046261053675815,5.87161933631785,684.656768214979,1108,77,19,61
"T3_6","domlow",372.8778851586,168.884103058733,0.030267976461937,36.5160428921159,709.239727425085,1113,77,19,62
"T3_6","domlow",360.531486245444,168.04984746569,0.0351159885225307,25.831207993065,695.231764497822,1112,77,19,65
"T3_6","domlow",434.015235214821,158.741035072304,0.00777845869135659,117.85506363467,750.175406794972,1109,77,19,72
"T3_6","domlow",375.393782901293,167.733413872922,0.0281470956466379,41.3237367684017,709.463829034184,1110,77,19,73
"T3_6","domlow",378.88532984502,170.4876530285,0.0292330726954594,39.3297410255526,718.440918664487,1110,77,19,74
"T3_6","domlow",392.212435693447,169.573848530658,0.0234338855368888,54.4768462629017,729.948025123992,1112,77,19,75
"T3_6","domlow",363.273154310279,167.646385770354,0.0333758084618581,29.3764396655422,697.169868955017,1113,77,19,77
"T3_6","domlow",366.025940096412,167.930103257457,0.0323819846351268,31.5641531037354,700.487727089088,1118,77,19,78
"T3_6","domlow",376.838941759464,169.991942560035,0.0296268185715825,38.2706459023523,715.407237616575,1111,77,19,79
"T3_6","domlow",366.955910784211,168.951431554214,0.0329776998866253,30.4599721974275,703.451849370994,1110,77,19,80
"T3_6","domlow",359.459310964868,171.107286462618,0.0389761137460109,18.669615206649,700.249006723086,1110,77,19,81
"T3_6","domlow",364.802595081434,167.41961238433,0.0324329381546564,31.3575387782371,698.24765138463,1107,77,19,82
"T3_6","domlow",378.059596078868,174.688157134131,0.0335902887913921,30.137978285517,725.981213872219,1107,77,19,83
"T3_6","domlow",384.108938638976,172.61046200839,0.0290272553209501,40.325409318755,727.892467959197,1109,77,19,85
"T3_6","domlow",338.092818019864,164.027781303527,0.0427053268638667,11.4031787768439,664.782457262884,1108,77,19,86
"T3_6","domlow",371.082108213458,167.671002099244,0.0298878383070097,37.1363659007218,705.027850526194,1121,77,19,87
"T3_6","domlow",361.955295545968,167.451852618857,0.0338015278053778,28.4460272507359,695.464563841199,1112,77,19,88
"T3_6","domlow",402.279820322695,169.124865709586,0.0198906819393647,65.4384576790819,739.121182966309,1109,77,19,89
"T3_6","domlow",327.489549385499,163.571089707278,0.0488395474504929,1.70949028578264,653.269608485216,1111,77,19,91
"T3_6","domlow",377.06895727653,169.044743587042,0.0286588095574482,40.387171669813,713.750742883246,1115,77,19,92
"T3_6","domlow",395.783785591887,166.606077019653,0.0200430487410781,63.9590253914945,727.60854579228,1107,77,19,93
"T3_6","domlow",365.917637952097,167.065623194928,0.0315720886247895,33.177612221543,698.657663682652,1107,77,19,94
"T3_6","domlow",377.418327743906,170.630782983895,0.0299781264169827,37.5776709126588,717.258984575153,1107,77,19,95
"T3_6","domlow",392.158449623853,167.659436100565,0.0219642782048683,58.2357429938878,726.081156253819,1107,77,19,97
"T3_6","domlow",374.62323285928,170.777894988839,0.0313194012701393,34.4895770772357,714.756888641324,1110,77,19,98
"T3_6","domlow",369.111775670632,167.779743862161,0.0308474536228265,34.949455367169,703.274095974095,1112,77,19,99
"T3_6","domlow",375.559670600838,168.542510279654,0.0288189616602233,39.8781693160967,711.24117188558,1108,77,19,100
"T3_6","domlow",374.625224909094,167.75562471978,0.0284811472618524,40.5109420408781,708.73950777731,1116,77,19,101
"T3_6","domlow",359.699692712374,170.676269643885,0.0383725299004118,19.7684413463224,699.630944078426,1111,77,19,102
"T3_6","domlow",374.41995890868,181.431143434283,0.0424600404765464,13.0685199941055,735.771397823255,1097,77,19,103
"T3_6","domlow",377.398495892653,169.443225449276,0.0288880889032849,39.9230648754849,714.873926909821,1098,77,19,104
"T3_6","domlow",375.400855008075,166.694130835052,0.0272076303663863,43.4007204353769,707.400989580773,1090,77,19,105
"T3_6","domlow",359.14429005714,175.111140441082,0.0437187446122973,10.3802279969962,707.908352117283,1099,77,19,106
"T3_6","domlow",297.405447230199,153.600160113326,0.0565576182906728,-8.51578450454815,603.326678964946,1096,77,19,107
"T3_6","domlow",376.121651584374,167.974012095257,0.0280703664446131,41.5724125621284,710.670890606619,1100,77,19,108
"T3_6","domlow",419.240932530241,170.183111554052,0.0160214268485082,80.2918906239335,758.189974436549,1095,77,19,109
"T3_6","domlow",354.544708812979,166.284935950518,0.036224944481898,23.3595564838149,685.729861142143,1096,77,19,111
"T3_6","domlow",346.517182047706,165.818377842138,0.0399869028909784,16.2612607238096,676.773103371602,1101,77,19,112
"T3_6","domlow",278.92745503468,152.518576864082,0.0713512235523225,-24.8396169674955,582.694527036856,1094,77,19,113
"T3_6","domlow",425.886188978664,181.519330042593,0.0215726826112318,64.359111211782,787.413266745545,1095,77,19,114
"T3_6","domlow",373.930474630388,166.744322214742,0.0278419849624168,41.8303752615212,706.030573999255,1095,77,19,119
"T3_6","domlow",391.349844793424,164.980625650643,0.0202188319671654,62.7624515629974,719.93723802385,1100,77,19,120
"T3_6","domlow",371.254664885169,171.008553524588,0.0330552374729946,30.661612815293,711.847716955045,1114,77,19,122
"T3_6","domlow",361.561146732372,166.676603973128,0.0331914632012599,29.5959199305028,693.526373534242,1107,77,19,123
"T3_6","domlow",381.413586487385,168.928515525211,0.0268260665123311,44.9632891278882,717.863883846881,1108,77,19,134
"T4_2","dlbuywater",858.291512630605,275.855491210439,0.00251077694525279,310.086690790077,1406.49633447113,1288,89,34,2
"T4_2","dlbuywater",849.116379472387,275.244954020663,0.00272075661460611,302.124872001201,1396.10788694357,1293,89,34,3
"T4_2","dlbuywater",856.99603007936,276.34077219708,0.00258957255529561,307.826814252483,1406.16524590624,1286,89,34,5
"T4_2","dlbuywater",852.274269313743,274.441687014557,0.00255627106648217,306.879086222545,1397.66945240494,1286,89,34,6
"T4_2","dlbuywater",851.25951523865,278.985032409958,0.00301191253853882,296.835387890746,1405.68364258655,1280,89,34,8
"T4_2","dlbuywater",848.723478030233,273.998854438003,0.00261874004767748,304.208331630238,1393.23862443023,1288,89,34,9
"T4_2","dlbuywater",845.627367738685,277.975505334902,0.00309615592414872,293.209463315311,1398.04527216206,1281,89,34,10
"T4_2","dlbuywater",852.510418438771,277.026156404032,0.0027839470128295,301.979145523904,1403.04169135364,1288,89,34,11
"T4_2","dlbuywater",858.246319158625,277.111105642374,0.00262211542742311,307.546227483375,1408.94641083387,1285,89,34,12
"T4_2","dlbuywater",852.679823438585,276.513216092957,0.00273118239809594,303.16791160518,1402.19173527199,1288,89,34,15
"T4_2","dlbuywater",846.072108482679,273.457537500598,0.00264723930488326,302.63271574605,1389.51150121931,1283,89,34,17
"T4_2","dlbuywater",845.15305514387,277.413388684206,0.00305500959142041,293.852239443277,1396.45387084446,1283,89,34,18
"T4_2","dlbuywater",859.714066641021,276.426600941796,0.00252060308514487,310.37428421966,1409.05384906238,1286,89,34,20
"T4_2","dlbuywater",851.656360354809,276.137409280042,0.0027271283500973,302.891285591846,1400.42143511777,1290,89,34,22
"T4_2","dlbuywater",832.246936903986,279.138822913987,0.00370956603655195,277.517183246116,1386.97669056186,1280,89,34,23
"T4_2","dlbuywater",851.581561807309,275.577988312377,0.00267806007977708,303.92821866356,1399.23490495106,1288,89,34,24
"T4_2","dlbuywater",826.73425363293,277.577621189817,0.00374367459601172,275.10706033846,1378.3614469274,1282,89,34,25
"T4_2","dlbuywater",845.121756720287,277.766367272353,0.00309178837587772,293.119470248968,1397.12404319161,1281,89,34,26
"T4_2","dlbuywater",851.940816644861,278.261975645031,0.0029192465156076,298.953612677594,1404.92802061213,1284,89,34,27
"T4_2","dlbuywater",889.247463872917,275.149691878555,0.00173116579280858,342.445269891244,1436.04965785459,1284,89,34,29
"T4_2","dlbuywater",851.171644357949,277.959076475386,0.00291424147603402,298.786388840583,1403.55689987532,1284,89,34,30
"T4_2","dlbuywater",853.115079408197,275.691827677711,0.00264344868046902,305.2355044475,1400.99465436889,1291,89,33,33
"T4_2","dlbuywater",848.479210897365,273.614243384066,0.00259133507484742,304.728398146762,1392.23002364797,1280,89,34,37
"T4_2","dlbuywater",820.275408646688,272.304094240745,0.00338433969322676,279.128242010023,1361.42257528335,1284,89,34,39
"T4_2","dlbuywater",863.036707678378,277.724303827179,0.00254039742551778,311.118013465334,1414.95540189142,1281,89,34,41
"T4_2","dlbuywater",858.18455025495,277.235718314506,0.00263500860829974,307.236817079342,1409.13228343056,1285,89,34,42
"T4_2","dlbuywater",862.790166022722,277.608661858094,0.00253725593534756,311.101285922789,1414.47904612266,1280,89,34,45
"T4_2","dlbuywater",846.386660308362,274.196821553795,0.00270565132590216,301.478095865585,1391.29522475114,1274,89,34,46
"T4_2","dlbuywater",831.805257436802,278.695079828123,0.00367496760044782,277.957349916059,1385.65316495754,1265,89,34,47
"T4_2","dlbuywater",853.353963623392,279.605483762804,0.00300539704386233,297.696819590357,1409.01110765643,1265,89,34,48
"T4_2","dlbuywater",836.39684740881,280.315061739791,0.00368444070590612,279.3295662538,1393.46412856382,1271,89,34,49
"T4_2","dlbuywater",861.653962838636,279.893193856554,0.00277431537430461,305.42505545228,1417.88287022499,1275,89,34,51
"T4_2","dlbuywater",896.354137197156,280.201822166269,0.00191796555619411,339.511895898904,1453.19637849541,1265,89,34,52
"T4_2","dlbuywater",902.947323990533,280.803374419304,0.00182135269646034,344.909623996657,1460.98502398441,1265,89,34,54
"T4_2","dlbuywater",843.256841932831,276.536650078641,0.00302938852352411,293.698359977185,1392.81532388848,1283,89,34,55
"T4_2","dlbuywater",888.076201535006,276.372651020569,0.00183419479756333,338.843633245307,1437.30876982471,1279,89,34,56
"T4_2","dlbuywater",864.380960952756,276.866352970918,0.00243063332083479,314.167263780882,1414.59465812463,1283,89,34,58
"T4_2","dlbuywater",872.579579452556,276.340634257595,0.00217928626273754,323.410637751421,1421.74852115369,1281,89,34,59
"T4_2","dlbuywater",852.140310459086,277.712991938243,0.00286021975974538,300.244096248276,1404.0365246699,1280,89,34,60
"T4_2","dlbuywater",872.521972965125,278.660611148403,0.0023638589869202,318.742564702244,1426.30138122801,1281,89,34,61
"T4_2","dlbuywater",866.501501694008,273.886963750368,0.00213876366660828,322.208714523519,1410.7942888645,1286,89,34,62
"T4_2","dlbuywater",858.723855956379,277.198854578968,0.00261620861388988,307.849381708786,1409.59833020397,1285,89,33,65
"T4_2","dlbuywater",775.162131793345,274.743355876834,0.00590928164101446,229.167445229611,1321.15681835708,1281,89,34,68
"T4_2","dlbuywater",897.542163903241,277.175288538706,0.00169736540327911,346.714522208615,1448.36980559787,1283,89,34,69
"T4_2","dlbuywater",755.167041669823,261.686501804951,0.00491048919020801,235.120108869721,1275.21397446993,1281,89,34,70
"T4_2","dlbuywater",840.076515076443,278.139536954341,0.00330456110758549,287.332632278247,1392.82039787464,1292,89,34,71
"T4_2","dlbuywater",698.132378206952,241.758130112931,0.00488265646192561,217.688896492989,1178.57585992091,1282,89,34,72
"T4_2","dlbuywater",879.941249820007,276.911289119567,0.00204846601264292,329.638251495357,1430.24424814466,1283,89,34,73
"T4_2","dlbuywater",897.34939356362,274.868303308137,0.00156210242588548,351.10640023602,1443.59238689122,1283,89,34,74
"T4_2","dlbuywater",876.529401279412,275.546119379404,0.0020272929851317,328.939390943163,1424.11941161566,1285,89,34,75
"T4_2","dlbuywater",850.044642539098,276.984321988256,0.00285585185171533,299.596506734703,1400.49277834349,1286,89,34,77
"T4_2","dlbuywater",854.720312258666,276.214983352493,0.00264384525072403,305.801075327747,1403.63954918959,1291,89,34,78
"T4_2","dlbuywater",879.350982532347,275.905579775117,0.00198950144100833,331.04662019489,1427.6553448698,1284,89,34,79
"T4_2","dlbuywater",840.24997353856,277.064317088731,0.00318471553255872,289.642864281755,1390.85708279536,1283,89,34,80
"T4_2","dlbuywater",866.453664657208,278.450062499101,0.00250832029125281,313.092677591138,1419.81465172328,1283,89,34,81
"T4_2","dlbuywater",843.385707009844,277.022374923641,0.0030741563411778,292.861948992632,1393.90946502705,1280,89,34,82
"T4_2","dlbuywater",845.267034425357,278.654767226636,0.00317808908354622,291.499239728974,1399.03482912174,1280,89,34,83
"T4_2","dlbuywater",841.159271054776,276.904572494142,0.0031370268666309,290.86962061176,1391.44892149779,1280,89,34,84
"T4_2","dlbuywater",822.251155301022,281.428465832931,0.00442286939607876,262.971217476253,1381.53109312579,1282,89,34,85
"T4_2","dlbuywater",866.402279596353,274.691780604175,0.0022031057289076,320.510088049248,1412.29447114346,1281,89,34,86
"T4_2","dlbuywater",852.731914019552,274.987027711665,0.00259145851566698,306.252980888113,1399.21084715099,1294,89,34,87
"T4_2","dlbuywater",828.491690114684,277.249333157349,0.00363581310023812,277.516900299884,1379.46647992948,1285,89,34,88
"T4_2","dlbuywater",903.213810659139,275.889621238397,0.00151765313394657,354.941162559963,1451.48645875832,1282,89,34,89
"T4_2","dlbuywater",782.298191040014,277.075668439084,0.00587553911122987,231.6685233597,1332.92785872033,1284,89,34,91
"T4_2","dlbuywater",865.721613060913,276.528729320511,0.00236713501847548,316.178871947619,1415.26435417421,1288,89,34,92
"T4_2","dlbuywater",858.544618478253,275.514569426567,0.00247453908244055,311.017307043512,1406.07192991299,1280,89,34,93
"T4_2","dlbuywater",861.496838219224,276.475236947179,0.00247566856776083,312.0604019573,1410.93327448115,1280,89,34,94
"T4_2","dlbuywater",864.748334032473,277.445217565603,0.00246944234155294,313.384265118471,1416.11240294647,1280,89,34,95
"T4_2","dlbuywater",863.061851576039,278.013024962271,0.0025647670804795,310.569384777463,1415.55431837462,1280,89,34,97
"T4_2","dlbuywater",874.232551591304,277.284212626579,0.00221158521817105,323.188446160812,1425.27665702179,1283,89,34,98
"T4_2","dlbuywater",834.230978316246,275.446868237191,0.00322351196686682,286.838208768991,1381.6237478635,1285,89,34,99
"T4_2","dlbuywater",857.581777812074,277.890887913839,0.00271178671649442,305.332032731967,1409.83152289218,1281,89,34,100
"T4_2","dlbuywater",847.218726280112,277.44526799843,0.00299051438576932,295.854557141463,1398.58289541876,1289,89,34,101
"T4_2","dlbuywater",831.150326087419,277.789291840732,0.00359544263906047,279.102481853704,1383.19817032113,1284,89,34,102
"T4_2","dlbuywater",846.436982735855,275.357123755882,0.0028127484119247,299.222561486728,1393.65140398498,1270,89,34,103
"T4_2","dlbuywater",869.197642860737,281.533945733713,0.00270091104028503,309.708085898201,1428.68719982327,1271,89,34,104
"T4_2","dlbuywater",863.192633075156,277.79089041958,0.00254181763766889,311.141612001898,1415.24365414841,1263,89,34,105
"T4_2","dlbuywater",866.942690466016,281.747015431796,0.00278680385543414,307.029702251978,1426.85567868005,1272,89,34,106
"T4_2","dlbuywater",852.142614098084,276.836324394095,0.00277737185401375,301.988592412585,1402.29663578358,1269,89,34,107
"T4_2","dlbuywater",882.498120438041,282.625566035006,0.00242704252919526,320.839197514501,1444.15704336158,1273,89,34,108
"T4_2","dlbuywater",886.892071216895,290.590514027024,0.00300502764412427,309.404487874911,1464.37965455888,1268,89,34,109
"T4_2","dlbuywater",856.787362476791,281.586084483674,0.00309034235824211,297.194190704893,1416.38053424869,1269,89,34,111
"T4_2","dlbuywater",801.562228966845,266.462702828722,0.00342689284099628,272.023600279806,1331.10085765388,1274,89,34,112
"T4_2","dlbuywater",697.406199753471,236.902904037135,0.00414505651417524,226.611459611402,1168.20093989554,1267,89,34,113
"T4_2","dlbuywater",876.67431461777,282.00146084114,0.00253091824569758,316.255669620588,1437.09295961495,1268,89,34,114
"T4_2","dlbuywater",858.082455582768,284.598059200109,0.00335701539921651,292.503616983771,1423.66129418177,1268,89,34,119
"T4_2","dlbuywater",824.941338030698,276.497272435926,0.00368697246311854,275.46111086532,1374.42156519608,1273,89,34,120
"T4_2","dlbuywater",852.196289136507,276.946167314376,0.00278601471862311,301.82397772881,1402.5686005442,1287,89,34,122
"T4_2","dlbuywater",887.391270905064,274.230278252479,0.0017093010820022,342.416218304081,1432.36632350605,1280,89,34,123
"T4_2","dlbuywater",833.183533585963,278.087211593006,0.00355185661961015,280.543636448022,1385.8234307239,1281,89,34,134
"T4_3","dlbuywater",600.953174914254,255.016345458088,0.0206665760457907,94.1617762191116,1107.7445736094,1288,89,18,2
"T4_3","dlbuywater",599.562036409044,254.612147356284,0.0207567606883255,93.5738965050008,1105.55017631309,1293,89,18,3
"T4_3","dlbuywater",598.659023884161,254.571699997099,0.0209237801157535,92.7512646070852,1104.56678316124,1286,89,18,5
"T4_3","dlbuywater",597.840953024828,254.16979478192,0.0208973874740654,92.7318959085008,1102.95001014116,1286,89,18,6
"T4_3","dlbuywater",586.056544853242,259.702888134154,0.0265072639618052,69.951627396856,1102.16146230963,1280,89,18,8
"T4_3","dlbuywater",599.773956071452,254.420487666968,0.0206204285291771,94.1666995254828,1105.38121261742,1288,89,18,9
"T4_3","dlbuywater",612.609339671336,258.973989308798,0.0202012385784985,97.9529554630666,1127.26572387961,1281,89,18,10
"T4_3","dlbuywater",603.208041917751,255.02691857723,0.0202141731656053,96.3956313700983,1110.0204524654,1288,89,18,11
"T4_3","dlbuywater",610.226018599356,257.018559685841,0.0197588886935103,99.4556398621792,1120.99639733653,1285,89,18,12
"T4_3","dlbuywater",603.482193658392,256.486078764724,0.0208577092513606,93.7700088589667,1113.19437845782,1288,89,18,15
"T4_3","dlbuywater",599.206860311399,254.917858473552,0.0209790068691678,92.6111838024419,1105.80253682036,1283,89,18,17
"T4_3","dlbuywater",594.683153923681,256.708708431336,0.0228502939183851,84.5285394441877,1104.83776840317,1283,89,18,18
"T4_3","dlbuywater",608.623408300767,256.538245650878,0.0198495338391176,98.8075527772075,1118.43926382433,1286,89,18,20
"T4_3","dlbuywater",599.348795030787,255.107240848038,0.0210420252409405,92.3767608484372,1106.32082921314,1290,89,18,22
"T4_3","dlbuywater",578.588886544657,259.313328396841,0.0282069851264942,63.2581372059773,1093.91963588334,1280,89,18,23
"T4_3","dlbuywater",598.023835173426,254.910196530777,0.021222234062318,91.4433851656912,1104.60428518116,1288,89,18,24
"T4_3","dlbuywater",583.29221135723,257.569657272698,0.0259937597566291,71.4266419711598,1095.1577807433,1282,89,18,25
"T4_3","dlbuywater",596.70061836091,256.480645196631,0.0222896388017742,86.9992316362859,1106.40200508553,1281,89,18,26
"T4_3","dlbuywater",602.624446938885,258.376733228837,0.0219647017487943,89.1549836850294,1116.09391019274,1284,89,18,27
"T4_3","dlbuywater",647.687682159878,250.663052061135,0.0114175643723646,149.547539311137,1145.82782500862,1284,89,18,29
"T4_3","dlbuywater",594.154440852602,256.960533951829,0.0230986254321547,83.499376068527,1104.80950563668,1284,89,18,30
"T4_3","dlbuywater",598.163445900914,254.512864460946,0.020998037355158,92.3726098885273,1103.9542819133,1291,89,18,33
"T4_3","dlbuywater",625.860251289579,257.47900341265,0.0170978796716892,114.17483740079,1137.54566517837,1280,89,18,37
"T4_3","dlbuywater",549.879002256728,248.388791398885,0.029429082820398,56.2584745720612,1043.4995299414,1284,89,18,39
"T4_3","dlbuywater",598.259373019115,255.920597666138,0.0216726344219837,89.6709630756642,1106.84778296257,1281,89,18,41
"T4_3","dlbuywater",615.51799419804,258.054913809123,0.0192147892977403,102.688079415289,1128.34790898079,1285,89,18,42
"T4_3","dlbuywater",616.249046218484,256.572098013851,0.0184152977750114,106.365916237088,1126.13217619988,1280,89,18,45
"T4_3","dlbuywater",590.572414322052,255.066488835643,0.0229189902901766,83.6813662009056,1097.4634624432,1274,89,18,46
"T4_3","dlbuywater",589.192458632067,260.379746197611,0.0261078602286124,71.742428006243,1106.64248925789,1265,89,18,47
"T4_3","dlbuywater",603.421675302707,259.231034368048,0.022220277976013,88.2544680533844,1118.58888255203,1265,89,18,48
"T4_3","dlbuywater",590.028592324427,258.468574814835,0.0248528733775677,76.3766132175482,1103.68057143131,1271,89,18,49
"T4_3","dlbuywater",611.986369011081,259.058957356271,0.0203646793048436,97.1611286632345,1126.81160935893,1275,89,18,51
"T4_3","dlbuywater",659.7152779325,257.807447055845,0.0122076900020779,147.377151320422,1172.05340454458,1265,89,18,52
"T4_3","dlbuywater",617.850829708198,260.541720421934,0.0199019543649492,100.078909348011,1135.62275006838,1265,89,18,54
"T4_3","dlbuywater",595.241675042278,254.756663247013,0.0217362051579003,88.9663401732828,1101.51700991127,1283,89,18,55
"T4_3","dlbuywater",622.844800859451,254.771680267047,0.0164900437994886,116.539622818742,1129.14997890016,1279,89,18,56
"T4_3","dlbuywater",644.153783869048,252.562747784894,0.0124870829892282,142.238394962217,1146.06917277588,1283,89,18,58
"T4_3","dlbuywater",637.993245262552,253.069396678556,0.0135031964088246,135.070998144318,1140.91549238078,1281,89,18,59
"T4_3","dlbuywater",629.769432034938,255.693479153891,0.0157256355972536,121.632372408991,1137.90649166088,1280,89,18,60
"T4_3","dlbuywater",610.124883002915,257.636812631358,0.0200667581073991,98.1258564532112,1122.12390955262,1281,89,18,61
"T4_3","dlbuywater",591.053144803533,252.939933103307,0.0217240514242812,88.3881793362564,1093.71811027081,1286,89,18,62
"T4_3","dlbuywater",607.84476833668,254.829896360736,0.0192111084857861,101.423898043012,1114.26563863035,1285,89,18,65
"T4_3","dlbuywater",517.253664551174,245.455409404308,0.0379347492058131,29.4626171740073,1005.04471192834,1281,89,18,68
"T4_3","dlbuywater",612.137685051727,258.558218451965,0.0201000983857673,98.3075580533344,1125.96781205012,1283,89,18,69
"T4_3","dlbuywater",509.135662556277,244.495817292455,0.0402098556452876,23.2516028573676,995.019722255186,1281,89,18,70
"T4_3","dlbuywater",626.562779771334,253.551088549384,0.0153943892307647,122.683271280233,1130.44228826243,1292,89,18,71
"T4_3","dlbuywater",580.111734796336,249.007338436302,0.0221113010495966,85.2619748532886,1074.96149473938,1282,89,18,72
"T4_3","dlbuywater",629.820282196796,253.698974772662,0.0149423222735201,125.646880913026,1133.99368348057,1283,89,18,73
"T4_3","dlbuywater",626.606881486485,255.928195374004,0.0163346156819864,118.003372695196,1135.21039027777,1283,89,18,74
"T4_3","dlbuywater",627.688925915002,254.765286725906,0.0156926074960901,121.396453693803,1133.9813981362,1285,89,18,75
"T4_3","dlbuywater",596.599539723236,255.480203228082,0.0218074582652651,88.8863211830609,1104.31275826341,1286,89,18,77
"T4_3","dlbuywater",603.906094189057,255.027532602436,0.0200746630552057,97.0924633953349,1110.71972498278,1291,89,18,78
"T4_3","dlbuywater",629.319006143137,253.816314716799,0.0150649576531041,124.912416377645,1133.72559590863,1284,89,18,79
"T4_3","dlbuywater",579.60910188076,253.873741886961,0.0248360345140993,75.0883876820389,1084.12981607948,1283,89,18,80
"T4_3","dlbuywater",598.90552943975,257.121044435671,0.0221347593374705,87.9314837979357,1109.87957508156,1283,89,18,81
"T4_3","dlbuywater",537.159707359904,242.468584721247,0.029315486513389,55.3043464034125,1019.0150683164,1280,89,18,82
"T4_3","dlbuywater",618.219931137746,263.033612678702,0.0209918376882157,95.4958985514331,1140.94396372406,1280,89,18,83
"T4_3","dlbuywater",535.626917991587,255.454944933204,0.0388848996352679,27.9638950048276,1043.28994097835,1280,89,18,84
"T4_3","dlbuywater",613.214040074048,257.415398847205,0.0193634294529359,101.655026893524,1124.77305325457,1282,89,18,85
"T4_3","dlbuywater",602.542051938719,263.872074693986,0.024811319742833,78.1517522873868,1126.93235159005,1281,89,18,86
"T4_3","dlbuywater",604.016871136135,254.710828478732,0.0199032502748506,97.8326232376001,1110.20111903467,1294,89,18,87
"T4_3","dlbuywater",579.927220586982,254.610728619042,0.0251673462862724,73.9419001250819,1085.91254104888,1285,89,18,88
"T4_3","dlbuywater",625.340079786396,258.32554769332,0.0175434601400313,111.972337028502,1138.70782254429,1282,89,18,89
"T4_3","dlbuywater",597.344538252057,260.531981455217,0.0242444681754908,79.5919720417213,1115.09710446239,1284,89,18,91
"T4_3","dlbuywater",606.647583117357,254.22440276802,0.0191635660278418,101.430004103713,1111.865162131,1288,89,18,92
"T4_3","dlbuywater",671.638427326608,254.438910333036,0.00981555403950438,165.994559603078,1177.28229505014,1280,89,18,93
"T4_3","dlbuywater",644.291917133994,258.892130766892,0.0147053162993749,129.798209576404,1158.78562469158,1280,89,18,94
"T4_3","dlbuywater",615.13530853098,258.661324594223,0.0195639086037917,101.100279741075,1129.17033732088,1280,89,18,95
"T4_3","dlbuywater",620.813521898797,259.445766058371,0.0188446003409276,105.219580537638,1136.40746325996,1280,89,18,97
"T4_3","dlbuywater",613.914826446737,254.448844852377,0.01790904551145,108.25121595361,1119.57843693986,1283,89,18,98
"T4_3","dlbuywater",585.444553193572,254.248083712279,0.0236573659453993,80.1799132794123,1090.70919310773,1285,89,18,99
"T4_3","dlbuywater",595.518411133871,256.254819117963,0.0224332402547047,86.2658062865997,1104.77101598114,1281,89,18,100
"T4_3","dlbuywater",596.438726811053,254.301061982829,0.0212550848935946,91.0688037167742,1101.80864990533,1289,89,18,101
"T4_3","dlbuywater",574.938994846854,255.647828763342,0.0270121614077819,66.8926557793709,1082.98533391434,1284,89,18,102
"T4_3","dlbuywater",626.374732129233,256.68786946939,0.0166832808690884,116.261530707609,1136.48793355086,1270,89,18,103
"T4_3","dlbuywater",614.622946849332,257.5903070807,0.0191743020789052,102.716340309109,1126.52955338956,1271,89,18,104
"T4_3","dlbuywater",621.019938414987,264.415550172822,0.0210817707840813,95.5495954527803,1146.49028137719,1263,89,18,105
"T4_3","dlbuywater",605.127564283033,258.947851556566,0.0217165623659808,90.5231233648634,1119.7320052012,1272,89,18,106
"T4_3","dlbuywater",620.290641073121,254.340332867743,0.0167437521857154,114.84267534727,1125.73860679897,1269,89,18,107
"T4_3","dlbuywater",616.530021672053,257.770250769025,0.0188958762535322,104.265814863782,1128.79422848032,1273,89,18,108
"T4_3","dlbuywater",625.238297416125,264.795926786522,0.0204233301795064,99.0120358646935,1151.46455896756,1268,89,18,109
"T4_3","dlbuywater",613.874121039982,258.219909526001,0.0196046960287198,100.716311941339,1127.03193013862,1269,89,18,111
"T4_3","dlbuywater",557.160733238673,252.618830214997,0.0300223663106597,55.1338922869043,1059.18757419044,1274,89,18,112
"T4_3","dlbuywater",493.620652487665,235.5978502616,0.0390281697476797,25.419432486775,961.821872488555,1267,89,18,113
"T4_3","dlbuywater",594.180635405679,259.950361319854,0.0246714235656375,77.5839169955321,1110.77735381583,1268,89,18,114
"T4_3","dlbuywater",612.677424599979,256.172081385128,0.0189015515013964,103.589243610609,1121.76560558935,1268,89,18,119
"T4_3","dlbuywater",574.210588998373,255.354004557418,0.0270296874879995,66.7481637973634,1081.67301419938,1273,89,18,120
"T4_3","dlbuywater",601.796731556509,255.940300872711,0.0209404497803177,93.1691656303307,1110.42429748269,1287,89,18,122
"T4_3","dlbuywater",644.429633940452,255.004945383463,0.0132866374682456,137.66089049807,1151.19837738283,1280,89,18,123
"T4_3","dlbuywater",583.245087069914,257.57108226835,0.0260062690574061,71.3766858044273,1095.1134883354,1281,89,18,134
"T4_4","dlbuywater",986.827560725283,334.760761731719,0.00421957211892817,320.370079478521,1653.28504197204,1120,79,14,2
"T4_4","dlbuywater",978.64599772635,334.068008557133,0.00445055172456401,313.567682106622,1643.72431334608,1125,79,14,3
"T4_4","dlbuywater",985.75409117182,335.977930588249,0.00439289615834968,316.873412874788,1654.63476946885,1118,79,14,5
"T4_4","dlbuywater",986.06965651843,335.492618169918,0.00432737033868956,318.155161026889,1653.98415200997,1118,79,14,6
"T4_4","dlbuywater",984.22483701425,342.431981953559,0.00521728635557463,302.49512947463,1665.95454455387,1112,79,14,8
"T4_4","dlbuywater",984.617536707101,335.390413265119,0.00437066724830154,316.906515550698,1652.3285578635,1120,79,14,9
"T4_4","dlbuywater",980.076098117539,338.698977394697,0.0049348197894124,305.77823176179,1654.37396447329,1113,79,14,10
"T4_4","dlbuywater",983.244594076845,335.398841037925,0.0044237467956031,315.516794513654,1650.97239364003,1120,79,14,11
"T4_4","dlbuywater",986.606381481044,336.605839770204,0.0044304719333226,316.475632029635,1656.73713093245,1117,79,14,12
"T4_4","dlbuywater",981.652678684746,336.276824183935,0.004585072739013,312.176948948855,1651.12840842064,1120,79,14,15
"T4_4","dlbuywater",974.928616172074,333.15106577616,0.00449058554317705,311.675793400115,1638.18143894403,1115,79,14,17
"T4_4","dlbuywater",976.964189701453,338.201236151579,0.00500530814263132,303.657250040592,1650.27112936231,1115,79,14,18
"T4_4","dlbuywater",992.455418420912,336.643316579358,0.00421671929806123,322.25005837385,1662.66077846797,1118,79,14,20
"T4_4","dlbuywater",962.555853745085,342.365289611457,0.00623401415524948,280.958920459251,1644.15278703092,1112,79,14,23
"T4_4","dlbuywater",955.968039285084,339.160117271765,0.00610965110790731,280.752113956761,1631.18396461341,1114,79,14,25
"T4_4","dlbuywater",974.985956419764,337.700878621057,0.00502800502121308,302.675152081901,1647.29676075763,1113,79,14,26
"T4_4","dlbuywater",981.693603187991,337.554637983823,0.00473189465144707,309.673941594107,1653.71326478188,1116,79,14,27
"T4_4","dlbuywater",1024.34630818041,332.64705802337,0.00286364823332969,362.096887765748,1686.59572859507,1116,79,14,29
"T4_4","dlbuywater",986.42209100534,337.01954216038,0.00448393044894214,315.467723363089,1657.37645864759,1116,79,14,30
"T4_4","dlbuywater",982.387779377521,334.568754252776,0.00436376617798406,316.312555657404,1648.46300309764,1123,79,14,33
"T4_4","dlbuywater",1010.95945505362,338.183182660978,0.0037378921694414,337.688457131607,1684.23045297564,1112,79,14,37
"T4_4","dlbuywater",899.411931849204,322.678383173985,0.00667181616898216,257.00861853838,1541.81524516003,1116,79,14,39
"T4_4","dlbuywater",993.97033761759,337.613989871437,0.00426586056160216,321.83251549222,1666.10815974296,1113,79,14,41
"T4_4","dlbuywater",990.245931575782,337.91254849773,0.0044377072528656,317.513724884388,1662.97813826718,1117,79,14,42
"T4_4","dlbuywater",990.807392187998,335.065730321765,0.00410821584420524,323.742765117665,1657.87201925833,1112,79,14,45
"T4_4","dlbuywater",964.379621294677,332.272916869586,0.00481265329253013,302.875058699351,1625.88418389,1106,79,14,46
"T4_4","dlbuywater",977.31567498404,339.319287800596,0.00512844315111371,301.782865474953,1652.84848449313,1097,79,14,48
"T4_4","dlbuywater",955.991986854247,338.658598564737,0.00603685569388468,281.774508573766,1630.20946513473,1103,79,14,49
"T4_4","dlbuywater",999.959309267372,339.535794380673,0.00425380286444894,323.995468267961,1675.92315026678,1107,79,14,51
"T4_4","dlbuywater",1014.5124033964,340.69538468638,0.00386721545196536,336.239995435844,1692.78481135695,1097,79,14,52
"T4_4","dlbuywater",978.351413275589,334.991176268694,0.00456725022434633,311.435211923278,1645.2676146279,1115,79,14,55
"T4_4","dlbuywater",1019.6323655273,335.59115479072,0.00323583576659672,351.521698693068,1687.74303236154,1111,79,14,56
"T4_4","dlbuywater",1011.693570477,329.719756565424,0.00295955103751646,355.271959589425,1668.11518136458,1115,79,14,58
"T4_4","dlbuywater",1044.52444523883,329.590210483868,0.00218428520860947,388.360740787998,1700.68814968967,1113,79,14,59
"T4_4","dlbuywater",988.244399044164,330.210507964534,0.00370094347911814,330.845777172151,1645.64302091618,1112,79,14,60
"T4_4","dlbuywater",1007.27292352707,334.430303507338,0.00349845462232023,341.473334067678,1673.07251298645,1113,79,14,61
"T4_4","dlbuywater",976.879794035564,335.292553071598,0.00466064930842153,309.363597558585,1644.39599051254,1118,79,14,62
"T4_4","dlbuywater",848.915130585669,316.311269455952,0.00888569086829448,219.187766957183,1478.64249421416,1113,79,14,68
"T4_4","dlbuywater",984.340899830008,341.823315376078,0.00513647693273086,303.82295436205,1664.85884529797,1115,79,14,69
"T4_4","dlbuywater",824.910282690242,315.175870122761,0.0106408755976427,197.443325496169,1452.37723988431,1113,79,14,70
"T4_4","dlbuywater",1004.73827622661,331.945927752936,0.00334789568492427,343.884698955699,1665.59185349752,1124,79,14,71
"T4_4","dlbuywater",940.79472243664,329.852038749071,0.00555581207782856,284.109757951492,1597.47968692179,1114,79,14,72
"T4_4","dlbuywater",1013.8686659045,333.93423964917,0.00325684271656948,349.056663723091,1678.68066808591,1115,79,14,73
"T4_4","dlbuywater",1007.57338895041,334.759255676303,0.00351977033220024,341.118906029662,1674.02787187117,1115,79,14,74
"T4_4","dlbuywater",978.804080195962,335.351287423734,0.0045908711920109,311.170952606195,1646.43720778573,1118,79,14,77
"T4_4","dlbuywater",980.705792779672,334.526981808759,0.00442309159023507,314.713731607283,1646.69785395206,1123,79,14,78
"T4_4","dlbuywater",959.400434063746,333.532601495503,0.00518365528489663,295.388032023286,1623.41283610421,1115,79,14,80
"T4_4","dlbuywater",956.988934581651,331.911628130497,0.00508399684971403,296.203642613536,1617.77422654977,1112,79,14,82
"T4_4","dlbuywater",1005.15107652838,345.406408066394,0.00470738692288559,317.499741480622,1692.80241157613,1112,79,14,83
"T4_4","dlbuywater",863.076743275696,337.647455871487,0.0125264721610602,190.872295462222,1535.28119108917,1112,79,14,84
"T4_4","dlbuywater",1000.64211481303,339.070907241094,0.004179650259621,325.603793012777,1675.68043661328,1114,79,14,85
"T4_4","dlbuywater",1015.7437010897,350.334640953898,0.00485462145656295,318.281008043436,1713.20639413596,1113,79,14,86
"T4_4","dlbuywater",986.465918980206,334.923427962173,0.0042504702655837,319.684594145351,1653.24724381506,1126,79,14,87
"T4_4","dlbuywater",958.496288659996,333.834707997633,0.00526295142167409,293.882438775301,1623.11013854469,1117,79,14,88
"T4_4","dlbuywater",1010.62586906724,340.631714542455,0.00399179481392389,332.48021862609,1688.77151950838,1114,79,14,89
"T4_4","dlbuywater",939.621897834782,344.406986679903,0.00786430623252287,253.96025792483,1625.28353774473,1116,79,14,91
"T4_4","dlbuywater",993.42978609335,333.957355301487,0.00390184790030703,328.57176418328,1658.28780800342,1120,79,14,92
"T4_4","dlbuywater",1068.11851221804,335.898093174119,0.0021140404086872,399.396778002907,1736.84024643317,1112,79,14,93
"T4_4","dlbuywater",1039.80114288246,338.952530765052,0.00296532955487469,364.998490542549,1714.60379522236,1112,79,14,94
"T4_4","dlbuywater",1008.65756140215,340.11591531114,0.00400682000928493,331.538788348764,1685.77633445554,1112,79,14,95
"T4_4","dlbuywater",995.077945615446,337.72989763041,0.00423784122642202,322.709368867871,1667.44652236302,1112,79,14,97
"T4_4","dlbuywater",997.408703758658,335.49719233896,0.00392235023620848,329.485101796089,1665.33230572123,1115,79,14,98
"T4_4","dlbuywater",971.455075171499,337.195489031075,0.005117291357844,300.150424217459,1642.75972612554,1117,79,14,99
"T4_4","dlbuywater",989.831809120784,339.118454238942,0.00458960736927216,314.698828519234,1664.96478972233,1113,79,14,100
"T4_4","dlbuywater",972.044912223992,332.87201433767,0.00457190606136927,309.347638190398,1634.74218625759,1121,79,14,101
"T4_4","dlbuywater",956.372093935113,336.579953812778,0.00572778113096978,286.292879466169,1626.45130840406,1116,79,14,102
"T4_4","dlbuywater",978.597591562424,333.881575293902,0.00443138832804531,313.890436058329,1643.30474706652,1102,79,14,103
"T4_4","dlbuywater",997.244667745587,338.749985641666,0.00426842643466922,322.845251770874,1671.6440837203,1103,79,14,104
"T4_4","dlbuywater",1010.84603533915,344.609764219287,0.00440153507572522,324.780696359298,1696.91137431901,1095,79,14,105
"T4_4","dlbuywater",994.136800919309,339.709853622713,0.00449002589497226,317.826434588081,1670.44716725054,1104,79,14,106
"T4_4","dlbuywater",1013.22992781025,339.03451999066,0.00374677588729532,338.264047460871,1688.19580815964,1101,79,14,107
"T4_4","dlbuywater",1003.75014595296,339.04694789375,0.00406712623591823,328.759523549139,1678.74076835678,1105,79,14,108
"T4_4","dlbuywater",985.618430543364,341.06606479813,0.00498939760715105,306.608055168869,1664.62880591786,1100,79,14,109
"T4_4","dlbuywater",912.890820427305,327.040910323215,0.0065968074580088,261.802382728827,1563.97925812578,1106,79,14,112
"T4_4","dlbuywater",859.270267623163,321.979683712281,0.00925905675442353,218.257958087653,1500.28257715867,1099,79,14,113
"T4_4","dlbuywater",992.238053736548,336.823767603655,0.00424406213580439,321.6734432967,1662.8026641764,1100,79,14,119
"T4_4","dlbuywater",956.148915875854,338.93357385823,0.00606809225893903,281.384003838325,1630.91382791338,1105,79,14,120
"T4_4","dlbuywater",984.993544964797,335.793979730132,0.00440127284853987,316.479084694452,1653.50800523514,1119,79,14,122
"T4_4","dlbuywater",1029.46574426749,334.921583415341,0.00291218613495055,362.68809164329,1696.24339689169,1112,79,14,123
"T4_4","dlbuywater",967.981586768801,339.733947342617,0.00560241238960835,291.623253525926,1644.33992001168,1113,79,14,134
"T4_5","dlbuywater",904.68545624947,274.350087312104,0.00140805368346063,359.472308318579,1449.89860418036,1288,89,20,2
"T4_5","dlbuywater",900.245320765836,274.085470657881,0.00146720224736735,355.558042829949,1444.93259870172,1293,89,20,3
"T4_5","dlbuywater",902.213744218772,274.408359498266,0.00145195073201646,356.88479256292,1447.54269587462,1286,89,20,5
"T4_5","dlbuywater",891.694515552486,273.275331267004,0.00157029060874274,348.617219417189,1434.77181168778,1286,89,20,6
"T4_5","dlbuywater",900.485336888431,277.846637860308,0.00168272497219012,348.323529491224,1452.64714428564,1280,89,20,8
"T4_5","dlbuywater",884.877917615652,271.849513176746,0.00161005470632321,344.634135320218,1425.12169991109,1288,89,20,9
"T4_5","dlbuywater",916.282941122991,276.080639082212,0.001315903891495,367.6306851988,1464.93519704718,1281,89,20,10
"T4_5","dlbuywater",900.041160443761,275.292099900374,0.00153892012672143,352.955960443658,1447.12636044386,1288,89,20,11
"T4_5","dlbuywater",910.471890823814,276.295277145384,0.0014182176835691,361.393086852075,1459.55069479555,1285,89,20,12
"T4_5","dlbuywater",899.997199264424,275.654965724529,0.00156068397579719,352.190879689685,1447.80351883916,1288,89,20,15
"T4_5","dlbuywater",858.146110358784,262.692793294706,0.00155193191396885,336.099384680025,1380.19283603754,1283,89,20,17
"T4_5","dlbuywater",906.766772487081,278.198443053686,0.00158798292552902,353.905826194678,1459.62771877948,1283,89,20,18
"T4_5","dlbuywater",911.589263868845,275.23748219282,0.00134500569263671,364.612605085405,1458.56592265228,1286,89,20,20
"T4_5","dlbuywater",902.565940004159,274.684532328588,0.0014612608143611,356.688152881667,1448.44372712665,1290,89,20,22
"T4_5","dlbuywater",883.907105366008,278.123447485791,0.00204587373692561,331.195197005592,1436.61901372642,1280,89,20,23
"T4_5","dlbuywater",905.454707028136,275.030684306032,0.00143214943748823,358.889015589178,1452.02039846709,1288,89,20,24
"T4_5","dlbuywater",866.750349817856,275.151150403826,0.00223036192109215,319.945257323696,1413.55544231202,1282,89,20,25
"T4_5","dlbuywater",896.58300021392,278.00970671555,0.00176865195941891,344.097127733421,1449.06887269442,1281,89,20,26
"T4_5","dlbuywater",897.020894212893,276.061425787677,0.00163897927739729,348.406820674201,1445.63496775159,1284,89,20,27
"T4_5","dlbuywater",949.822989789061,271.69468401212,0.000742441923368871,409.886897923267,1489.75908165486,1284,89,20,29
"T4_5","dlbuywater",906.631121497981,276.61304462284,0.00149962223640276,356.920821438918,1456.34142155704,1284,89,20,30
"T4_5","dlbuywater",903.470261850213,274.281147265807,0.00142419263158708,358.394117774609,1448.54640592582,1291,89,20,33
"T4_5","dlbuywater",923.279355001,276.716234629453,0.00124394677118662,373.363986487644,1473.19472351436,1280,89,20,37
"T4_5","dlbuywater",851.551359477855,271.78861941539,0.00234935740716485,311.428590737194,1391.67412821852,1284,89,20,39
"T4_5","dlbuywater",914.830774448844,276.463053785574,0.00135768823116535,365.418549660498,1464.24299923719,1281,89,20,41
"T4_5","dlbuywater",909.276231353135,275.769324231585,0.00140949673832363,361.242648276366,1457.3098144299,1285,89,20,42
"T4_5","dlbuywater",912.499594132785,275.926495819062,0.0013663888549168,364.153665553184,1460.84552271239,1280,89,20,45
"T4_5","dlbuywater",901.635911851544,273.453535937334,0.0014095721413397,358.204471381034,1445.06735232205,1274,89,20,46
"T4_5","dlbuywater",872.262083569136,276.947920677051,0.00223403251716604,321.886287721567,1422.63787941671,1265,89,20,47
"T4_5","dlbuywater",901.014070353502,278.658041269047,0.00172287575283825,347.239769185818,1454.78837152119,1265,89,20,48
"T4_5","dlbuywater",876.295702793427,273.628080848193,0.00189695901815913,332.51739099061,1420.07401459624,1271,89,20,49
"T4_5","dlbuywater",920.622941005054,279.013818968683,0.00139915748380562,366.141606420752,1475.10427558936,1275,89,20,51
"T4_5","dlbuywater",946.008365670668,279.732688690339,0.0010759981612295,390.098428574385,1501.91830276695,1265,89,20,52
"T4_5","dlbuywater",928.425315192627,279.552523398395,0.00130666423732536,372.873418755018,1483.97721163024,1265,89,20,54
"T4_5","dlbuywater",906.015918322721,276.119249369709,0.00148253422866904,357.286932565507,1454.74490407993,1283,89,20,55
"T4_5","dlbuywater",933.227798259777,276.244815650304,0.00108841202752597,384.249275905773,1482.20632061378,1279,89,20,56
"T4_5","dlbuywater",946.588253122236,275.719070288525,0.000911445963868865,398.654539197176,1494.5219670473,1283,89,20,58
"T4_5","dlbuywater",924.903577957834,274.400854631895,0.001115439999785,379.589540646857,1470.21761526881,1281,89,20,59
"T4_5","dlbuywater",902.758117466567,274.784553109364,0.00146355447796456,356.681560060166,1448.83467487297,1280,89,20,60
"T4_5","dlbuywater",909.763188928231,276.48526691745,0.00144003641111591,360.306820208042,1459.21955764842,1281,89,20,61
"T4_5","dlbuywater",897.128189744281,271.041377098827,0.00135391041106952,358.490408085899,1435.76597140266,1286,89,20,62
"T4_5","dlbuywater",909.616582127318,275.109972209355,0.00136927001274163,362.893322641681,1456.33984161295,1285,89,20,65
"T4_5","dlbuywater",793.970891156337,260.361380333873,0.00302805598812391,276.557358825378,1311.3844234873,1281,89,20,68
"T4_5","dlbuywater",910.667481754886,278.180173386422,0.00151843009207179,357.842842587072,1463.4921209227,1283,89,20,69
"T4_5","dlbuywater",813.224742453872,272.631788332875,0.00369434383138673,271.426352669153,1355.02313223859,1281,89,20,70
"T4_5","dlbuywater",915.663831047113,273.242195369351,0.00118745493109488,372.652385545383,1458.67527654884,1292,89,20,71
"T4_5","dlbuywater",881.994529835741,270.955599784567,0.00160956377271907,343.527212564622,1420.46184710686,1282,89,20,72
"T4_5","dlbuywater",921.904985940012,274.853776004674,0.00117589199185164,375.690862575347,1468.11910930468,1283,89,20,73
"T4_5","dlbuywater",943.344886348245,272.645680710208,0.000835248585839868,401.518888382854,1485.17088431364,1283,89,20,74
"T4_5","dlbuywater",926.788815189402,274.197354710819,0.00108232871817259,381.879191209074,1471.69843916973,1285,89,20,75
"T4_5","dlbuywater",900.425424503265,276.486474527205,0.00160177531725254,350.96665591245,1449.88419309408,1286,89,20,77
"T4_5","dlbuywater",900.41975624823,274.471877570783,0.00148578805413427,354.964575770631,1445.87493672583,1291,89,20,78
"T4_5","dlbuywater",927.831952037417,273.402471084769,0.00103580369875527,384.50199223086,1471.16191184397,1284,89,20,79
"T4_5","dlbuywater",880.207431034935,273.876670442907,0.00183103658393796,335.93509965004,1424.47976241983,1283,89,20,80
"T4_5","dlbuywater",910.928203776756,276.675202604537,0.00143117714525738,361.094377790649,1460.76202976286,1283,89,20,81
"T4_5","dlbuywater",861.227631185289,270.590857570817,0.00201663501739751,323.485162418831,1398.97009995175,1280,89,20,82
"T4_5","dlbuywater",932.891438062477,281.039084990833,0.00131364442927219,374.385312838769,1491.39756328619,1280,89,20,83
"T4_5","dlbuywater",762.096280473928,266.608260339805,0.00531320850255667,232.268386820365,1291.92417412749,1280,89,20,84
"T4_5","dlbuywater",925.168445354554,279.041599822305,0.00133009020707298,370.631902161411,1479.7049885477,1282,89,20,85
"T4_5","dlbuywater",934.124567072164,284.124327543159,0.00145249702850583,369.487170593673,1498.76196355066,1281,89,20,86
"T4_5","dlbuywater",906.070011528709,274.153733618179,0.0013753783519981,361.247075303677,1450.89294775374,1294,89,20,87
"T4_5","dlbuywater",884.088040837931,272.741763313597,0.00167988249539477,342.071098888637,1426.10498278722,1285,89,20,88
"T4_5","dlbuywater",928.400926265497,280.485653431168,0.00135371381977393,370.994629971189,1485.80722255981,1282,89,20,89
"T4_5","dlbuywater",862.87103180558,279.036318224349,0.00266056829030338,308.344984678526,1417.39707893263,1284,89,20,91
"T4_5","dlbuywater",919.461391370556,275.33805051933,0.0012327479654886,372.284874171119,1466.63790856999,1288,89,20,92
"T4_5","dlbuywater",964.963938173644,275.818746779271,0.000736066454191297,416.832138168765,1513.09573817852,1280,89,20,93
"T4_5","dlbuywater",948.102667708328,276.130225461791,0.000910343604991149,399.351869274565,1496.85346614209,1280,89,20,94
"T4_5","dlbuywater",920.387862413234,278.225429953265,0.00136194742465944,367.473285328815,1473.30243949765,1280,89,20,95
"T4_5","dlbuywater",905.72860928022,277.295085901801,0.00155403264759559,354.662895500083,1456.79432306036,1280,89,20,97
"T4_5","dlbuywater",915.341165677731,274.580134446528,0.001255717605978,369.670847408165,1461.0114839473,1283,89,20,98
"T4_5","dlbuywater",891.079552501799,274.742630902583,0.00167022909049495,345.086306672045,1437.07279833155,1285,89,20,99
"T4_5","dlbuywater",884.760250478687,273.592061226401,0.00172038713734633,341.053520105192,1428.46698085218,1281,89,20,100
"T4_5","dlbuywater",896.687656358141,275.663626446882,0.00162118739927576,348.864125417648,1444.51118729863,1289,89,20,101
"T4_5","dlbuywater",885.00929692461,275.819630656012,0.00186107425492736,336.875740400441,1433.14285344878,1284,89,20,102
"T4_5","dlbuywater",882.246274479613,272.59715225614,0.00170656432111028,340.516716619147,1423.97583234008,1270,89,20,103
"T4_5","dlbuywater",923.378907779027,278.944991108486,0.0013525202841113,369.034354103711,1477.72346145434,1271,89,20,104
"T4_5","dlbuywater",914.080805808119,278.605688208558,0.00148410883653126,360.410545346939,1467.7510662693,1263,89,20,105
"T4_5","dlbuywater",911.767485880851,278.982448296825,0.00154481558142624,357.348493914784,1466.18647784692,1272,89,20,106
"T4_5","dlbuywater",903.095411984441,277.883146852571,0.00163611349066502,350.861050636934,1455.32977333195,1269,89,20,107
"T4_5","dlbuywater",936.09449554328,278.866032764808,0.00116605547770969,381.9068549841,1490.28213610246,1273,89,20,108
"T4_5","dlbuywater",910.698738034261,281.653976041044,0.00172292163824916,350.970646058492,1470.42683001003,1268,89,20,109
"T4_5","dlbuywater",919.841063172062,279.062798683686,0.00141421273318768,365.262391696552,1474.41973464757,1269,89,20,111
"T4_5","dlbuywater",822.362624470018,258.025251458574,0.00198952927286324,309.591657375879,1335.13359156416,1274,89,20,112
"T4_5","dlbuywater",818.471090509113,256.690787161269,0.00198087078773615,308.352090787989,1328.59009023024,1267,89,20,113
"T4_5","dlbuywater",903.407785092511,277.207418387737,0.00159030275337081,352.516292074549,1454.29927811047,1268,89,20,114
"T4_5","dlbuywater",908.360826844761,276.547576765003,0.00146672300545048,358.780630396051,1457.94102329347,1268,89,20,119
"T4_5","dlbuywater",884.306642983252,277.459777047252,0.00198945240659753,332.913640158932,1435.69964580757,1273,89,20,120
"T4_5","dlbuywater",904.093020914551,275.125105806923,0.00145992902067232,357.339686583849,1450.84635524525,1287,89,20,122
"T4_5","dlbuywater",944.311121094158,274.156451431741,0.000878665191204484,399.482783785781,1489.13945840253,1280,89,20,123
"T4_5","dlbuywater",890.762190697191,276.346139467934,0.00177777488176333,341.582308547345,1439.94207284704,1281,89,20,134
